0,ABSH01,False,雄武,北海道,44.5276,142.8444,289,42,,,44.5253,142.8483
0,ABSH02,False,興部西,北海道,44.4234,143.0264,293,45,,,44.421,143.0304
0,ABSH03,False,興部東,北海道,44.3843,143.2407,297,46,,,44.3819,143.2446
0,ABSH04,False,滝上北,北海道,44.192,143.0767,294,50,,,44.1896,143.0806
0,ABSH05,False,滝上南,北海道,44.1146,143.0111,293,52,,,44.1123,143.0149
0,ABSH06,False,湧別北,北海道,44.2146,143.6202,305,50,,,44.2122,143.6242
0,ABSH07,False,白滝,北海道,43.8494,143.0861,294,59,,,43.8469,143.09
0,ABSH08,False,斜里北,北海道,44.064,144.9935,333,53,,,44.0616,144.9976
0,ABSH09,False,斜里南,北海道,43.9269,144.8071,329,57,,,43.9244,144.8111
0,ABSH10,False,佐呂間,北海道,44.0813,143.9455,312,53,,,44.0789,143.9494
0,ABSH11,False,女満別,北海道,43.9144,144.1913,317,57,,,43.9119,144.1953
0,ABSH12,False,小清水,北海道,43.8566,144.4574,322,57,,,43.8542,144.4614
0,ABSH13,False,留辺蘂,北海道,43.7419,143.4514,302,61,,,43.7394,143.4553
0,ABSH14,False,美幌,北海道,43.7228,144.1835,317,62,,,43.7203,144.1875
0,ABSH15,False,置戸東,北海道,43.6352,143.51,302,65,,,43.6328,143.5139
0,AICH04,False,安城,愛知県,34.9319,137.0568,172,277,,,34.9286,137.0597
0,AICH05,True,常滑,愛知県,34.8886,136.8763,,,,,34.8854,136.8792
0,AICH06,False,渥美,愛知県,34.6158,137.0419,171,285,,,34.6125,137.0449
0,AICH07,False,旭,愛知県,35.2194,137.4039,179,270,,,35.2161,137.4069
0,AICH08,False,額田,愛知県,34.9189,137.2993,177,278,,,34.9157,137.3023
0,AICH09,False,豊橋,愛知県,34.6643,137.3902,178,284,,,34.661,137.3932
0,AICH10,False,鳳来,愛知県,35.0002,137.6243,183,275,,,34.9969,137.6273
0,AICH11,False,春日井,愛知県,35.3059,137.057,172,268,,,35.3027,137.06
0,AICH12,False,幡豆,愛知県,34.7884,137.1057,173,281,,,34.7852,137.1087
0,AICH13,False,清洲,愛知県,35.2177,136.8509,167,270,,,35.2144,136.8539
0,AICH14,False,長久手,愛知県,35.1842,137.0474,171,271,,,35.181,137.0504
0,AICH15,False,足助,愛知県,35.1392,137.3359,177,272,,,35.1359,137.3389
0,AICH16,False,設楽,愛知県,35.1543,137.535,181,271,,,35.1511,137.538
0,AICH17,False,豊根,愛知県,35.184,137.7268,185,271,,,35.1808,137.7298
0,AICH18,False,岡崎,愛知県,34.9635,137.2377,175,277,,,34.9603,137.2406
0,AICH19,False,作手,愛知県,34.9512,137.4114,179,278,,,34.9479,137.4144
0,AICH20,False,新城,愛知県,34.8976,137.4876,181,278,,,34.8943,137.4906
0,AICH21,False,南知多,愛知県,34.7401,136.9385,169,282,,,34.7368,136.9415
0,AICH22,False,豊橋北,愛知県,34.7853,137.4393,179,281,,,34.7821,137.4423
0,AICH23,False,常滑2,愛知県,34.8806,136.8316,167,279,,,34.8774,136.8345
0,AKTH01,False,西木北,秋田県,39.8147,140.579,243,158,,,39.8119,140.5825
0,AKTH02,False,西木南,秋田県,39.6634,140.5721,243,161,,,39.6606,140.5756
0,AKTH03,False,矢島,秋田県,39.2223,140.1283,233,172,,,39.2194,140.1317
0,AKTH04,False,東成瀬,秋田県,39.174,140.7129,246,172,,,39.1711,140.7164
0,AKTH05,False,鳥海,秋田県,39.0718,140.3185,238,176,,,39.0689,140.3219
0,AKTH06,False,雄勝,秋田県,38.9801,140.4952,242,178,,,38.9772,140.4986
0,AKTH07,False,小坂,秋田県,40.4563,140.8395,249,142,,,40.4536,140.8431
0,AKTH08,False,藤里,秋田県,40.3188,140.2341,236,144,,,40.3161,140.2375
0,AKTH09,False,田代,秋田県,40.2755,140.4596,241,146,,,40.2728,140.4631
0,AKTH10,False,大館,秋田県,40.3002,140.5812,243,145,,,40.2975,140.5847
0,AKTH11,False,男鹿,秋田県,39.9554,139.7623,227,154,,,39.9527,139.7657
0,AKTH12,False,五城目,秋田県,39.9155,140.2221,236,155,,,39.9128,140.2256
0,AKTH13,False,阿仁,秋田県,39.9819,140.4072,240,155,,,39.9791,140.4107
0,AKTH14,False,鹿角,秋田県,40.0622,140.8084,248,152,,,40.0594,140.8119
0,AKTH15,False,協和,秋田県,39.6884,140.4075,240,161,,,39.6857,140.411
0,AKTH16,False,西仙北,秋田県,39.545,140.3481,240,164,,,39.5422,140.3515
0,AKTH17,False,中仙,秋田県,39.5575,140.6116,245,164,,,39.5547,140.615
0,AKTH18,False,大森,秋田県,39.3548,140.3869,239,169,,,39.3519,140.3903
0,AKTH19,False,湯沢,秋田県,39.1913,140.471,241,173,,,39.1885,140.4744
0,AOMH01,False,大間,青森県,41.5273,140.9127,250,116,,,41.5246,140.9163
0,AOMH02,False,佐井,青森県,41.4049,140.8567,249,119,,,41.4023,140.8603
0,AOMH03,False,川内,青森県,41.234,140.9896,252,123,,,41.2313,140.9932
0,AOMH04,False,青森,青森県,40.8524,140.6759,245,132,,,40.8497,140.6794
0,AOMH05,False,野辺地,青森県,40.8564,141.1033,253,132,,,40.8537,141.1069
0,AOMH06,False,六ヶ所,青森県,40.9664,141.3738,259,129,,,40.9638,141.3774
0,AOMH07,False,深浦,青森県,40.7451,140.0233,232,135,,,40.7424,140.0268
0,AOMH08,False,鰺ヶ沢,青森県,40.7618,140.3121,238,134,,,40.7592,140.3156
0,AOMH09,False,岩木,青森県,40.6199,140.3499,239,137,,,40.6172,140.3533
0,AOMH10,False,黒石,青森県,40.6091,140.6646,245,138,,,40.6064,140.6681
0,AOMH11,False,十和田湖西,青森県,40.58,140.995,252,139,,,40.5773,140.9986
0,AOMH12,False,十和田湖東,青森県,40.5846,141.1547,255,140,,,40.5819,141.1582
0,AOMH13,False,八戸,青森県,40.5794,141.4451,261,139,,,40.5767,141.4487
0,AOMH14,False,西目屋,青森県,40.5488,140.2726,237,141,,,40.5461,140.2761
0,AOMH15,False,大鰐,青森県,40.4841,140.5565,242,141,,,40.4814,140.56
0,AOMH16,False,新郷,青森県,40.4624,141.0923,254,142,,,40.4597,141.0958
0,AOMH17,False,名川,青森県,40.4492,141.3374,259,142,,,40.4465,141.3409
0,AOMH18,False,田子,青森県,40.2962,141.0145,252,146,,,40.2934,141.018
0,CHBH04,False,下総,千葉県,35.7966,140.0206,232,256,,,35.7934,140.0238
0,CHBH06,False,匝瑳,千葉県,35.7215,140.5046,242,258,,,35.7183,140.5079
0,CHBH10,False,千葉,千葉県,35.5458,140.2417,236,262,,,35.5425,140.245
0,CHBH11,False,養老,千葉県,35.2867,140.1529,236,269,,,35.2834,140.1562
0,CHBH12,False,富津,千葉県,35.3445,139.8554,229,266,,,35.3412,139.8586
0,CHBH13,False,成田,千葉県,35.8307,140.298,238,255,,,35.8275,140.3013
0,CHBH14,False,銚子中,千葉県,35.7342,140.823,248,258,,,35.7309,140.8263
0,CHBH15,False,館山西,千葉県,34.9591,139.7885,227,277,,,34.9558,139.7917
0,CHBH16,False,鴨川,千葉県,35.1384,139.9649,231,272,,,35.1351,139.9681
0,CHBH17,False,勝浦東,千葉県,35.1714,140.3398,238,272,,,35.1681,140.3431
0,CHBH19,False,蓮沼,千葉県,35.5943,140.5107,242,261,,,35.5911,140.514
0,CHBH20,False,鴨川南,千葉県,35.0882,140.0997,233,274,,,35.0848,140.1029
0,EHMH01,False,津島,愛媛県,33.0556,132.5552,80,324,,,33.0522,132.5577
0,EHMH02,False,西条,愛媛県,33.865,133.184,93,304,,,33.8617,133.1866
0,EHMH03,False,新宮,愛媛県,33.9154,133.6497,102,302,,,33.9121,133.6523
0,EHMH04,False,丹原,愛媛県,33.9023,133.0658,90,303,,,33.899,133.0684
0,EHMH05,False,砥部,愛媛県,33.7112,132.8032,85,307,,,33.7079,132.8057
0,EHMH06,False,日吉,愛媛県,33.3348,132.798,85,317,,,33.3314,132.8005
0,EHMH07,False,河辺,愛媛県,33.5022,132.748,84,313,,,33.4988,132.7505
0,EHMH08,False,柳谷,愛媛県,33.5388,133.0016,89,312,,,33.5354,133.0042
0,EHMH09,False,伊方,愛媛県,33.4719,132.3072,75,313,,,33.4686,132.3097
0,EHMH10,False,宮窪,愛媛県,34.1918,133.0581,90,296,,,34.1886,133.0607
0,EHMH11,False,大洲,愛媛県,33.5807,132.6011,81,311,,,33.5774,132.6036
0,EHMH12,False,宇和,愛媛県,33.427,132.5055,79,314,,,33.4236,132.508
0,EHMH13,False,三崎,愛媛県,33.3719,132.1157,71,317,,,33.3685,132.1182
0,FKIH01,False,永平寺,福井県,36.0955,136.3617,157,249,,,36.0924,136.3646
0,FKIH02,False,織田,福井県,35.9483,136.0556,151,253,,,35.9452,136.0584
0,FKIH03,False,和泉,福井県,35.9415,136.699,164,252,,,35.9383,136.7019
0,FKIH04,False,三方,福井県,35.5587,135.8694,147,262,,,35.5556,135.8722
0,FKIH05,False,敦賀,福井県,35.639,136.0303,151,260,,,35.6358,136.0331
0,FKIH06,False,高浜,福井県,35.4907,135.4841,140,264,,,35.4875,135.4869
0,FKIH07,False,小浜,福井県,35.4573,135.7266,145,265,,,35.4542,135.7294
0,FKOH01,False,北九州,福岡県,33.8849,130.9798,48,303,,,33.8817,130.9822
0,FKOH02,False,若宮,福岡県,33.6963,130.5963,40,308,,,33.6931,130.5986
0,FKOH03,False,宇美,福岡県,33.5608,130.5499,39,311,,,33.5575,130.5522
0,FKOH04,False,嘉穂,福岡県,33.5512,130.7451,43,311,,,33.5479,130.7475
0,FKOH05,False,犀川,福岡県,33.5293,130.9503,47,312,,,33.526,130.9526
0,FKOH06,False,豊前,福岡県,33.5925,131.1348,51,310,,,33.5892,131.1372
0,FKOH07,False,大刀洗,福岡県,33.3678,130.6354,40,316,,,33.3644,130.6378
0,FKOH08,False,小石原,福岡県,33.4654,130.8285,45,313,,,33.4621,130.8308
0,FKOH09,False,玄海,福岡県,33.8501,130.5432,40,304,,,33.8469,130.5456
0,FKOH10,False,浮羽,福岡県,33.2891,130.817,46,319,,,33.2858,130.8194
0,FKSH01,False,西会津,福島県,37.7565,139.715,226,208,,,37.7535,139.7183
0,FKSH02,False,熱塩加納,福島県,37.7317,139.8821,229,209,,,37.7287,139.8855
0,FKSH03,False,高郷,福島県,37.6078,139.7533,226,212,,,37.6048,139.7566
0,FKSH04,False,会津高田,福島県,37.4508,139.8126,228,216,,,37.4478,139.8159
0,FKSH05,False,下郷,福島県,37.2544,139.8725,229,221,,,37.2513,139.8758
0,FKSH06,False,伊南,福島県,37.1723,139.5199,222,222,,,37.1692,139.5231
0,FKSH07,False,檜枝岐,福島県,37.0103,139.3755,219,226,,,37.0072,139.3788
0,FKSH08,False,長沼,福島県,37.2822,140.2144,236,220,,,37.2792,140.2178
0,FKSH09,False,郡山,福島県,37.353,140.4264,240,218,,,37.35,140.4297
0,FKSH10,False,西郷,福島県,37.1616,140.093,233,223,,,37.1585,140.0963
0,FKSH11,False,矢吹,福島県,37.2006,140.3386,238,222,,,37.1976,140.342
0,FKSH12,False,平田,福島県,37.2169,140.5703,243,222,,,37.2139,140.5736
0,FKSH13,False,いわき西,福島県,36.9951,140.5853,243,227,,,36.9919,140.5886
0,FKSH14,False,いわき東,福島県,37.0264,140.9702,250,227,,,37.0233,140.9736
0,FKSH15,False,猪苗代,福島県,37.6461,140.1735,235,211,,,37.6431,140.1768
0,FKSH16,False,福島,福島県,37.7643,140.3766,239,208,,,37.7613,140.38
0,FKSH17,False,川俣,福島県,37.6636,140.5974,244,210,,,37.6606,140.6008
0,FKSH18,False,三春,福島県,37.4894,140.538,242,215,,,37.4864,140.5414
0,FKSH19,False,都路,福島県,37.4703,140.7227,245,216,,,37.4672,140.7261
0,FKSH20,False,浪江,福島県,37.4911,140.9871,252,215,,,37.4881,140.9906
0,FKSH21,False,只見,福島県,37.3421,139.3147,217,218,,,37.3392,139.3179
0,GIFH03,False,根尾,岐阜県,35.6325,136.6134,163,260,,,35.6294,136.6164
0,GIFH04,False,古川,岐阜県,36.2448,137.1983,174,245,,,36.2417,137.2013
0,GIFH05,False,荘川,岐阜県,36.0654,136.9479,170,249,,,36.0622,136.9508
0,GIFH06,False,高富,岐阜県,35.5038,136.7939,166,263,,,35.5006,136.7969
0,GIFH07,False,春日,岐阜県,35.4179,136.4347,159,266,,,35.4147,136.4376
0,GIFH08,False,大和,岐阜県,35.8323,136.9621,170,255,,,35.8291,136.9651
0,GIFH09,False,羽島,岐阜県,35.2768,136.7002,163,269,,,35.2736,136.7031
0,GIFH10,False,神岡,岐阜県,36.3779,137.3716,178,242,,,36.3749,137.3746
0,GIFH11,False,八百津,岐阜県,35.4865,137.2464,175,264,,,35.4833,137.2494
0,GIFH12,False,坂内,岐阜県,35.6033,136.4134,158,261,,,35.6001,136.4164
0,GIFH13,False,白川,岐阜県,36.2743,136.8979,168,245,,,36.2712,136.9009
0,GIFH14,False,上宝,岐阜県,36.2493,137.5174,181,245,,,36.2462,137.5204
0,GIFH15,False,高山,岐阜県,36.1338,137.2208,174,248,,,36.1306,137.2238
0,GIFH16,False,朝日北,岐阜県,36.094,137.3438,178,248,,,36.0909,137.3468
0,GIFH17,False,高鷲,岐阜県,35.9514,136.8732,168,252,,,35.9483,136.8762
0,GIFH18,False,馬瀬,岐阜県,35.8991,137.1495,173,254,,,35.896,137.1525
0,GIFH19,False,朝日南,岐阜県,36.0216,137.3906,178,251,,,36.0184,137.3936
0,GIFH20,False,下呂北,岐阜県,35.7991,137.2531,177,257,,,35.7959,137.2561
0,GIFH21,False,美並,岐阜県,35.6665,136.9618,170,259,,,35.6633,136.9648
0,GIFH22,False,金山,岐阜県,35.6682,137.1054,172,259,,,35.6651,137.1084
0,GIFH23,False,板取,岐阜県,35.7235,136.7847,166,258,,,35.7203,136.7876
0,GIFH24,False,東白川,岐阜県,35.6401,137.3187,176,260,,,35.6369,137.3217
0,GIFH25,False,谷汲,岐阜県,35.5214,136.6127,163,263,,,35.5183,136.6156
0,GIFH26,False,各務原,岐阜県,35.4121,136.8764,168,266,,,35.4089,136.8794
0,GIFH27,False,美濃加茂,岐阜県,35.4527,137.004,170,265,,,35.4495,137.007
0,GIFH28,False,中津川,岐阜県,35.4571,137.4706,181,266,,,35.4539,137.4737
0,GIFH29,False,上石津,岐阜県,35.2953,136.4732,160,269,,,35.2921,136.4761
0,GNMH05,False,伊勢崎,群馬県,36.3143,139.1847,216,244,,,36.3111,139.1879
0,GNMH06,False,館林,群馬県,36.2441,139.5443,222,245,,,36.2409,139.5476
0,GNMH07,False,利根,群馬県,36.6998,139.2104,215,234,,,36.6967,139.2136
0,GNMH08,False,嬬恋,群馬県,36.4917,138.5244,201,239,,,36.4886,138.5275
0,GNMH09,False,高山,群馬県,36.6212,138.9068,209,236,,,36.6181,138.91
0,GNMH10,False,下仁田,群馬県,36.2356,138.7291,207,244,,,36.2325,138.7322
0,GNMH11,False,富岡,群馬県,36.2862,138.921,209,244,,,36.2831,138.9242
0,GNMH12,False,神流,群馬県,36.144,138.9129,208,247,,,36.1409,138.9161
0,GNMH13,False,水上2,群馬県,36.862,139.0627,212,230,,,36.8589,139.0659
0,GNMH14,False,みどり,群馬県,36.4931,139.3219,218,239,,,36.4899,139.3251
0,HDKH01,False,平取西,北海道,42.7031,142.2296,276,88,,,42.7006,142.2333
0,HDKH02,False,平取東,北海道,42.7061,142.4054,280,87,,,42.7036,142.4092
0,HDKH03,False,門別東,北海道,42.5934,142.3521,279,89,,,42.5908,142.3558
0,HDKH04,False,門別西,北海道,42.5126,142.0381,273,90,,,42.5101,142.0418
0,HDKH05,False,新冠,北海道,42.5977,142.5446,283,89,,,42.5951,142.5483
0,HDKH06,False,静内,北海道,42.3498,142.3572,278,95,,,42.3472,142.3609
0,HDKH07,False,様似,北海道,42.133,142.9164,291,101,,,42.1304,142.9201
0,HRSH01,False,三原,広島県,34.3736,133.0236,90,291,,,34.3704,133.0262
0,HRSH02,False,大和,広島県,34.5482,132.948,88,287,,,34.545,132.9506
0,HRSH03,False,御調,広島県,34.5183,133.1375,92,288,,,34.515,133.1401
0,HRSH04,False,沼隈,広島県,34.3785,133.3493,96,291,,,34.3753,133.3519
0,HRSH05,False,神辺,広島県,34.5566,133.4179,97,286,,,34.5534,133.4205
0,HRSH06,False,口和,広島県,34.9137,132.9123,87,278,,,34.9105,132.9149
0,HRSH07,False,呉,広島県,34.2883,132.6411,82,293,,,34.285,132.6436
0,HRSH08,False,佐伯,広島県,34.3935,132.1611,72,291,,,34.3903,132.1636
0,HRSH09,False,吉舎,広島県,34.7016,132.9524,88,283,,,34.6983,132.955
0,HRSH10,False,芸北,広島県,34.7471,132.3794,76,282,,,34.7439,132.3819
0,HRSH11,False,神石,広島県,34.8225,133.1674,92,280,,,34.8193,133.1701
0,HRSH12,False,広島,広島県,34.581,132.4295,77,286,,,34.5778,132.432
0,HRSH13,False,広島南,広島県,34.4122,132.3907,76,290,,,34.4089,132.3932
0,HRSH14,False,沖美,広島県,34.209,132.4063,77,295,,,34.2058,132.4088
0,HRSH15,False,倉橋,広島県,34.1161,132.5053,79,297,,,34.1129,132.5078
0,HRSH16,False,吉田,広島県,34.6629,132.6689,82,284,,,34.6597,132.6715
0,HRSH17,False,戸河内,広島県,34.5716,132.2326,73,286,,,34.5684,132.2351
0,HRSH18,False,東広島,広島県,34.4572,132.7923,85,289,,,34.454,132.7949
0,HYGH01,False,三原,兵庫県,34.2937,134.7941,126,293,,,34.2904,134.7968
0,HYGH02,False,南光,兵庫県,35.0671,134.4234,118,274,,,35.0639,134.4261
0,HYGH03,False,波賀,兵庫県,35.2193,134.5237,120,270,,,35.2161,134.5264
0,HYGH04,False,篠山,兵庫県,35.0708,135.2811,135,274,,,35.0676,135.2839
0,HYGH05,False,上郡,兵庫県,34.8995,134.3284,116,278,,,34.8963,134.3311
0,HYGH06,False,相生,兵庫県,34.7935,134.4792,119,281,,,34.7903,134.4819
0,HYGH07,False,夢前,兵庫県,35.0322,134.6701,123,275,,,35.029,134.6728
0,HYGH08,False,加美,兵庫県,35.101,134.9036,128,273,,,35.0978,134.9064
0,HYGH09,False,東条,兵庫県,34.9082,135.0844,131,278,,,34.905,135.0872
0,HYGH10,False,加古川,兵庫県,34.8164,134.8078,126,280,,,34.8132,134.8106
0,HYGH11,False,山東,兵庫県,35.2925,134.9071,128,269,,,35.2893,134.9099
0,HYGH12,False,新宮,兵庫県,34.9313,134.5423,119,277,,,34.9281,134.545
0,HYGH13,False,香住,兵庫県,35.6208,134.6566,123,261,,,35.6177,134.6594
0,HYGH14,False,出石,兵庫県,35.4574,134.8621,127,265,,,35.4543,134.8649
0,HYGH15,False,村岡,兵庫県,35.4697,134.5953,121,263,,,35.4665,134.598
0,HYMH01,False,北檜山,北海道,42.4851,139.9678,231,92,,,42.4826,139.9714
0,HYMH02,False,厚沢部,北海道,41.9856,140.3087,238,104,,,41.9831,140.3122
0,HYMH03,False,熊石,北海道,42.1344,140.004,233,101,,,42.1319,140.0075
0,IBRH06,False,北茨城2,茨城県,36.8809,140.6545,245,230,,,36.8778,140.6579
0,IBRH07,False,江戸崎,茨城県,35.9521,140.3301,238,252,,,35.9489,140.3334
0,IBRH08,False,大洋,茨城県,36.1188,140.5621,243,248,,,36.1156,140.5655
0,IBRH09,False,常北,茨城県,36.439,140.3559,239,240,,,36.4358,140.3592
0,IBRH10,False,石下,茨城県,36.1112,139.9889,231,249,,,36.108,139.992
0,IBRH11,False,岩瀬,茨城県,36.3701,140.1401,234,242,,,36.3669,140.1434
0,IBRH12,False,大子,茨城県,36.8369,140.3181,238,230,,,36.8338,140.3215
0,IBRH13,False,高萩,茨城県,36.7955,140.575,243,232,,,36.7924,140.5784
0,IBRH14,False,十王,茨城県,36.6922,140.5484,243,234,,,36.689,140.5518
0,IBRH15,False,御前山,茨城県,36.5566,140.3013,238,238,,,36.5535,140.3046
0,IBRH16,False,山方,茨城県,36.6405,140.3976,240,236,,,36.6374,140.4009
0,IBRH17,False,霞ヶ浦,茨城県,36.0864,140.314,238,249,,,36.0832,140.3173
0,IBRH18,False,ひたちなか,茨城県,36.3631,140.6198,244,241,,,36.3599,140.6231
0,IBRH19,False,つくば,茨城県,36.2137,140.0893,233,246,,,36.2106,140.0926
0,IBRH20,False,波崎2,茨城県,35.8284,140.7323,246,255,,,35.8252,140.7356
0,IBRH21,False,つくば南,茨城県,35.9814,140.105,234,252,,,35.9782,140.1083
0,IBUH01,False,追分,北海道,42.8739,141.8191,267,83,,,42.8714,141.8228
0,IBUH02,False,穂別,北海道,42.8714,142.1285,275,83,,,42.8689,142.1322
0,IBUH03,False,厚真,北海道,42.6486,141.8641,269,88,,,42.6461,141.8679
0,IBUH04,False,豊浦,北海道,42.6415,140.665,245,88,,,42.639,140.6686
0,IBUH05,False,白老,北海道,42.5629,141.3497,259,90,,,42.5604,141.3533
0,IBUH06,False,室蘭,北海道,42.4116,141.0017,252,94,,,42.4091,141.0053
0,IBUH07,False,大滝,北海道,42.6476,141.0643,253,88,,,42.6451,141.0679
0,IKRH01,False,当別,北海道,43.4087,141.5836,264,69,,,43.4063,141.5873
0,IKRH02,False,新篠津,北海道,43.2204,141.6523,265,74,,,43.2179,141.6561
0,IKRH03,False,千歳,北海道,42.888,141.6399,265,82,,,42.8856,141.6436
0,ISKH01,False,珠洲,石川県,37.5266,137.2844,176,214,,,37.5236,137.2875
0,ISKH02,False,柳田,石川県,37.3644,137.0413,171,218,,,37.3614,137.0443
0,ISKH03,False,内浦,石川県,37.3458,137.2436,175,218,,,37.3428,137.2467
0,ISKH04,False,富来,石川県,37.1902,136.7176,165,221,,,37.1872,136.7206
0,ISKH05,False,穴水,石川県,37.2224,136.9689,171,221,,,37.2194,136.9719
0,ISKH06,False,志賀,石川県,37.0533,136.8206,167,225,,,37.0503,136.8236
0,ISKH07,False,金沢,石川県,36.515,136.6357,163,239,,,36.5119,136.6386
0,ISKH08,False,津幡,石川県,36.738,136.7906,166,233,,,36.735,136.7936
0,ISKH09,False,尾口,石川県,36.2667,136.7168,165,245,,,36.2636,136.7197
0,IWTH01,False,二戸東,岩手県,40.2383,141.3423,259,147,,,40.2356,141.3458
0,IWTH02,False,玉山,岩手県,39.825,141.3826,260,156,,,39.8222,141.3861
0,IWTH03,False,岩泉,岩手県,39.802,141.652,265,158,,,39.7992,141.6556
0,IWTH04,False,住田,岩手県,39.1809,141.3909,260,173,,,39.1781,141.3944
0,IWTH05,False,藤沢,岩手県,38.8654,141.3512,259,181,,,38.8625,141.3547
0,IWTH06,False,二戸西,岩手県,40.2611,141.1709,255,147,,,40.2583,141.1744
0,IWTH07,False,軽米,岩手県,40.2705,141.5709,263,146,,,40.2678,141.5744
0,IWTH08,False,久慈北,岩手県,40.2686,141.7831,268,147,,,40.2658,141.7867
0,IWTH09,False,久慈南,岩手県,40.0861,141.712,266,151,,,40.0833,141.7156
0,IWTH10,False,安代,岩手県,40.1391,140.9529,251,150,,,40.1364,140.9564
0,IWTH11,False,一戸,岩手県,40.0811,141.1915,256,151,,,40.0783,141.195
0,IWTH12,False,九戸,岩手県,40.1533,141.4245,260,149,,,40.1506,141.4281
0,IWTH13,False,葛巻,岩手県,39.9398,141.5492,263,155,,,39.9369,141.5528
0,IWTH14,False,田老,岩手県,39.7435,141.9087,270,159,,,39.7407,141.9123
0,IWTH15,False,矢巾,岩手県,39.6148,141.0929,254,163,,,39.6119,141.0964
0,IWTH16,False,雫石,岩手県,39.6436,140.9465,251,162,,,39.6408,140.95
0,IWTH17,False,川井北,岩手県,39.6442,141.5977,264,162,,,39.6414,141.6013
0,IWTH18,False,川井南,岩手県,39.463,141.6775,266,166,,,39.4601,141.6811
0,IWTH19,False,花巻北,岩手県,39.4559,141.0001,252,166,,,39.4531,141.0036
0,IWTH20,False,花巻南,岩手県,39.3434,141.0473,253,169,,,39.3406,141.0508
0,IWTH21,False,山田,岩手県,39.4734,141.9336,270,166,,,39.4705,141.9372
0,IWTH22,False,東和,岩手県,39.334,141.3015,258,169,,,39.3311,141.305
0,IWTH23,False,釜石,岩手県,39.2741,141.8233,269,171,,,39.2712,141.8269
0,IWTH24,False,金ヶ崎,岩手県,39.1979,141.0118,252,173,,,39.195,141.0153
0,IWTH25,True,一関西,岩手県,39.0092,140.8638,249,177,,,39.0063,140.8673
0,IWTH26,False,一関東,岩手県,38.969,141.0013,252,178,,,38.9661,141.0047
0,IWTH27,False,陸前高田,岩手県,39.0307,141.532,263,177,,,39.0278,141.5356
0,IWTH28,False,一関西2,岩手県,39.0094,140.864,249,177,,,39.0065,140.8674
0,KGSH01,False,長島,鹿児島県,32.1554,130.1191,30,347,,,32.1519,130.1214
0,KGSH02,False,阿久根,鹿児島県,31.994,130.2077,32,351,,,31.9906,130.21
0,KGSH03,False,宮之城,鹿児島県,31.9812,130.4438,37,350,,,31.9778,130.4461
0,KGSH04,False,川内,鹿児島県,31.8374,130.3602,35,353,,,31.8339,130.3625
0,KGSH05,False,祁答院,鹿児島県,31.8699,130.4958,38,353,,,31.8664,130.4981
0,KGSH06,False,郡山,鹿児島県,31.6988,130.4594,37,357,,,31.6953,130.4617
0,KGSH07,False,姶良,鹿児島県,31.714,130.6149,40,357,,,31.7106,130.6172
0,KGSH08,False,大隅,鹿児島県,31.5618,130.9969,48,361,,,31.5583,130.9992
0,KGSH09,False,知覧,鹿児島県,31.3741,130.4333,37,365,,,31.3706,130.4356
0,KGSH10,False,山川,鹿児島県,31.2066,130.6183,41,370,,,31.2031,130.6206
0,KGSH11,False,佐多,鹿児島県,31.0899,130.699,42,372,,,31.0864,130.7013
0,KGSH12,False,内之浦,鹿児島県,31.2583,131.0877,51,369,,,31.2547,131.09
0,KGSH13,False,鹿屋,鹿児島県,31.4005,130.8541,44,364,,,31.3969,130.8564
0,KGWH01,False,綾上,香川県,34.2186,133.9493,108,294,,,34.2153,133.952
0,KGWH02,False,三野,香川県,34.198,133.7081,103,295,,,34.1948,133.7107
0,KGWH03,False,三木,香川県,34.27,134.1482,111,294,,,34.2668,134.1508
0,KGWH04,False,大内,香川県,34.2264,134.3043,116,295,,,34.2231,134.3069
0,KGWH05,False,内海,香川県,34.4572,134.3241,116,289,,,34.454,134.3268
0,KKWH01,False,美深北,北海道,44.5973,142.3036,278,40,,,44.595,142.3075
0,KKWH02,False,美深東,北海道,44.5509,142.5736,284,40,,,44.5486,142.5775
0,KKWH03,False,美深西,北海道,44.4732,142.2725,277,43,,,44.4708,142.2764
0,KKWH04,False,名寄,北海道,44.4376,142.4056,281,44,,,44.4353,142.4094
0,KKWH05,False,下川西,北海道,44.2921,142.6303,285,49,,,44.2897,142.6342
0,KKWH06,False,下川東,北海道,44.3207,142.7656,288,47,,,44.3183,142.7694
0,KKWH07,False,富良野,北海道,43.3697,142.3409,278,70,,,43.3672,142.3447
0,KKWH08,False,占冠,北海道,43.0406,142.6562,285,78,,,43.0381,142.66
0,KKWH09,False,音威子府,北海道,44.7745,142.2542,277,36,,,44.7722,142.2581
0,KKWH10,False,中川,北海道,44.6617,142.0528,273,39,,,44.6594,142.0567
0,KKWH11,False,和寒,北海道,43.9754,142.2834,278,56,,,43.9731,142.2872
0,KKWH12,False,美瑛東,北海道,43.5038,142.6006,284,67,,,43.5014,142.6044
0,KKWH13,False,美瑛西,北海道,43.5113,142.3906,280,67,,,43.5089,142.3944
0,KKWH14,False,中富良野,北海道,43.3841,142.5245,283,70,,,43.3817,142.5283
0,KKWH15,False,上川,北海道,43.8546,142.7656,288,59,,,43.8522,142.7694
0,KMMH01,False,鹿北,熊本県,33.1089,130.6949,42,322,,,33.1056,130.6972
0,KMMH02,False,小国,熊本県,33.122,131.0629,50,322,,,33.1186,131.0653
0,KMMH03,False,菊池,熊本県,32.9984,130.8301,45,325,,,32.995,130.8325
0,KMMH04,True,阿蘇,熊本県,32.9514,131.0199,,,,,32.9481,131.0222
0,KMMH05,False,波野,熊本県,32.9553,131.2207,53,326,,,32.9519,131.2231
0,KMMH06,False,白水,熊本県,32.8114,131.101,50,330,,,32.8081,131.1033
0,KMMH07,False,三角,熊本県,32.6234,130.5584,39,334,,,32.62,130.5608
0,KMMH08,False,矢部,熊本県,32.6501,131.0251,50,333,,,32.6467,131.0275
0,KMMH09,False,泉,熊本県,32.4901,130.9046,46,337,,,32.4867,130.9069
0,KMMH10,False,新和,熊本県,32.3151,130.1811,32,342,,,32.3117,130.1833
0,KMMH11,False,芦北,熊本県,32.2918,130.5777,40,342,,,32.2883,130.58
0,KMMH12,False,人吉,熊本県,32.2054,130.7371,43,344,,,32.2019,130.7394
0,KMMH13,False,上,熊本県,32.2209,130.9096,46,344,,,32.2175,130.9119
0,KMMH14,False,豊野,熊本県,32.6345,130.7521,43,334,,,32.6311,130.7544
0,KMMH15,False,水俣,熊本県,32.1704,130.3647,34,345,,,32.1669,130.3669
0,KMMH16,False,益城,熊本県,32.7967,130.8199,45,330,,,32.7933,130.8222
0,KMMH17,False,玉名,熊本県,32.9873,130.5608,39,325,,,32.9839,130.5632
0,KMMH18,False,阿蘇2,熊本県,33.0031,131.0071,48,325,,,32.9997,131.0094
0,KNGH10,False,横浜,神奈川県,35.4991,139.5195,222,264,,,35.4959,139.5227
0,KNGH11,False,厚木,神奈川県,35.404,139.3539,218,266,,,35.4007,139.3571
0,KNGH18,False,藤野,神奈川県,35.6437,139.1283,214,260,,,35.6404,139.1315
0,KNGH19,False,山北中,神奈川県,35.4173,139.0436,211,266,,,35.414,139.0468
0,KNGH20,False,松田,神奈川県,35.3663,139.126,215,267,,,35.3631,139.1291
0,KNGH21,False,清川,神奈川県,35.4628,139.2146,215,264,,,35.4595,139.2177
0,KNGH22,False,山北南,神奈川県,35.3583,139.091,213,267,,,35.3551,139.0942
0,KNGH23,False,葉山,神奈川県,35.2624,139.611,223,270,,,35.2591,139.6142
0,KOCH01,False,北川,高知県,33.5421,134.1197,112,312,,,33.5387,134.1224
0,KOCH02,False,吾北,高知県,33.7079,133.3641,96,308,,,33.7046,133.3667
0,KOCH03,False,大正,高知県,33.2683,132.9891,89,318,,,33.2649,132.9916
0,KOCH04,False,大月,高知県,32.8414,132.7066,83,329,,,32.838,132.7091
0,KOCH05,False,池川,高知県,33.6472,133.1444,92,309,,,33.6439,133.1469
0,KOCH06,False,中村,高知県,33.0754,132.9524,88,323,,,33.0719,132.955
0,KOCH07,False,須崎,高知県,33.392,133.2866,95,315,,,33.3886,133.2892
0,KOCH08,False,土佐清水,高知県,32.7797,132.9718,88,330,,,32.7763,132.9743
0,KOCH09,False,香北,高知県,33.6748,133.8243,105,308,,,33.6714,133.8269
0,KOCH10,False,伊野,高知県,33.5313,133.4388,98,311,,,33.528,133.4414
0,KOCH11,False,室戸,高知県,33.2866,134.1603,113,318,,,33.2832,134.1629
0,KOCH12,False,芸西,高知県,33.5294,133.8192,106,312,,,33.5261,133.8218
0,KOCH13,False,本山,高知県,33.7543,133.576,101,306,,,33.751,133.5786
0,KSRH01,False,阿寒北,北海道,43.4361,144.0844,315,69,,,43.4336,144.0883
0,KSRH02,False,阿寒南,北海道,43.1142,144.123,315,77,,,43.1117,144.1269
0,KSRH03,False,標茶北,北海道,43.3848,144.6279,326,70,,,43.3822,144.6319
0,KSRH04,False,標茶南,北海道,43.2139,144.6804,327,74,,,43.2114,144.6844
0,KSRH05,False,鶴居西,北海道,43.2556,144.2338,318,73,,,43.2531,144.2378
0,KSRH06,False,鶴居東,北海道,43.22,144.4285,322,74,,,43.2175,144.4325
0,KSRH07,False,鶴居南,北海道,43.1359,144.3274,320,76,,,43.1333,144.3314
0,KSRH08,False,白糠北,北海道,43.1603,143.8936,311,76,,,43.1578,143.8975
0,KSRH09,False,白糠南,北海道,42.9856,143.9841,312,80,,,42.9831,143.9881
0,KSRH10,False,浜中,北海道,43.2084,145.1168,336,74,,,43.2058,145.1208
0,KYTH01,False,野田川,京都府,35.5243,135.1243,132,263,,,35.5211,135.1271
0,KYTH02,False,伊根,京都府,35.7101,135.2496,135,258,,,35.707,135.2524
0,KYTH03,False,福知山,京都府,35.313,135.1334,132,268,,,35.3098,135.1362
0,KYTH04,False,美山,京都府,35.2685,135.5508,141,269,,,35.2653,135.5536
0,KYTH05,False,網野,京都府,35.6814,135.0268,130,259,,,35.6783,135.0296
0,KYTH06,False,亀岡,京都府,35.0469,135.4846,140,275,,,35.0437,135.4874
0,KYTH07,False,久御山,京都府,34.8983,135.7461,145,278,,,34.895,135.749
0,KYTH08,False,京都,京都府,35.0094,135.7304,144,276,,,35.0062,135.7333
0,MIEH01,False,四日市,三重県,34.9849,136.4563,159,276,,,34.9817,136.4592
0,MIEH02,False,大山田,三重県,34.7662,136.2835,156,282,,,34.7629,136.2864
0,MIEH03,False,嬉野,三重県,34.547,136.3692,157,287,,,34.5438,136.3721
0,MIEH04,False,度会,三重県,34.3532,136.5866,162,292,,,34.3499,136.5895
0,MIEH05,False,尾鷲,三重県,34.0637,136.1689,154,299,,,34.0604,136.1718
0,MIEH06,False,宮川,三重県,34.358,136.3293,157,292,,,34.3547,136.3322
0,MIEH07,False,志摩,三重県,34.2544,136.8216,167,294,,,34.2511,136.8245
0,MIEH08,False,松阪,三重県,34.5424,136.5033,160,287,,,34.5392,136.5061
0,MIEH09,False,紀宝,三重県,33.7644,135.9969,150,305,,,33.7611,135.9998
0,MIEH10,False,芸濃,三重県,34.8224,136.4245,159,280,,,34.8192,136.4274
0,MYGH01,True,仙台,宮城県,38.24,140.9969,,,,,38.237,141.0003
0,MYGH02,False,鳴子,宮城県,38.8587,140.6513,245,181,,,38.8558,140.6547
0,MYGH03,False,唐桑,宮城県,38.9207,141.6377,265,180,,,38.9178,141.6412
0,MYGH04,False,東和,宮城県,38.786,141.3254,257,182,,,38.7831,141.3289
0,MYGH05,False,小野田,宮城県,38.5793,140.7804,247,188,,,38.5764,140.7839
0,MYGH06,False,田尻,宮城県,38.5907,141.071,253,188,,,38.5878,141.0744
0,MYGH07,False,川崎,宮城県,38.1802,140.6405,244,198,,,38.1772,140.6439
0,MYGH08,False,岩沼,宮城県,38.1133,140.8441,249,198,,,38.1103,140.8475
0,MYGH09,False,白石,宮城県,38.0091,140.6027,244,202,,,38.0061,140.6061
0,MYGH10,False,山元,宮城県,37.9411,140.8924,250,204,,,37.9381,140.8958
0,MYGH11,False,河北,宮城県,38.5158,141.3421,259,190,,,38.5129,141.3456
0,MYGH12,True,志津川,宮城県,38.6416,141.4428,,,,,38.6386,141.4463
0,MYGH13,False,南三陸,宮城県,38.6993,141.4176,260,185,,,38.6964,141.4211
0,MYGH14,False,利府,宮城県,38.34,140.9551,250,194,,,38.337,140.9586
0,MYZH01,False,五ヶ瀬,宮崎県,32.6536,131.2257,53,333,,,32.6502,131.2281
0,MYZH02,False,北川,宮崎県,32.6972,131.6829,62,332,,,32.6938,131.6854
0,MYZH03,False,椎葉,宮崎県,32.4754,131.1043,49,338,,,32.4719,131.1067
0,MYZH04,False,諸塚,宮崎県,32.5181,131.3349,55,337,,,32.5147,131.3373
0,MYZH05,False,南郷,宮崎県,32.347,131.2668,54,341,,,32.3436,131.2692
0,MYZH06,False,東郷,宮崎県,32.3607,131.4643,58,341,,,32.3572,131.4667
0,MYZH07,False,西米良,宮崎県,32.1987,131.1946,52,345,,,32.1953,131.1969
0,MYZH08,False,川南,宮崎県,32.2132,131.5309,59,344,,,32.2097,131.5333
0,MYZH09,False,須木,宮崎県,32.0421,131.0618,50,348,,,32.0386,131.0642
0,MYZH10,False,国富,宮崎県,32.0215,131.29,54,349,,,32.0181,131.2924
0,MYZH11,False,佐土原,宮崎県,32.0208,131.47,58,349,,,32.0173,131.4724
0,MYZH12,False,都城北,宮崎県,31.8643,130.9454,47,353,,,31.8608,130.9478
0,MYZH13,False,都城南,宮崎県,31.7301,131.0791,50,356,,,31.7267,131.0814
0,MYZH14,False,日南,宮崎県,31.5649,131.351,55,360,,,31.5614,131.3533
0,MYZH15,False,日向,宮崎県,32.3654,131.5893,60,340,,,32.3619,131.5917
0,MYZH16,False,延岡,宮崎県,32.506,131.6958,62,337,,,32.5026,131.6982
0,NARH01,False,十津川西,奈良県,33.9666,135.6489,143,301,,,33.9633,135.6518
0,NARH02,False,十津川東,奈良県,33.9692,135.8574,147,301,,,33.9658,135.8603
0,NARH03,False,川上,奈良県,34.2925,136.0022,150,293,,,34.2892,136.005
0,NARH04,False,黒滝,奈良県,34.3061,135.8369,147,293,,,34.3028,135.8397
0,NARH05,False,東吉野,奈良県,34.4237,136.0294,151,290,,,34.4204,136.0323
0,NARH06,False,山添,奈良県,34.6413,136.0512,150,285,,,34.6381,136.054
0,NARH07,False,天理,奈良県,34.5843,135.8541,147,286,,,34.5811,135.8569
0,NGNH03,False,阿智2,長野県,35.4786,137.7346,185,264,,,35.4753,137.7376
0,NGNH07,False,中野,長野県,36.7434,138.376,197,233,,,36.7403,138.3792
0,NGNH08,False,三郷,長野県,36.2541,137.8591,187,245,,,36.251,137.8622
0,NGNH09,False,武石,長野県,36.2859,138.2491,196,243,,,36.2828,138.2522
0,NGNH10,False,木祖,長野県,35.9632,137.7669,185,252,,,35.96,137.77
0,NGNH11,False,富士見,長野県,35.9157,138.3052,197,253,,,35.9125,138.3083
0,NGNH12,False,南牧,長野県,35.9696,138.4797,201,252,,,35.9664,138.4828
0,NGNH13,False,喬木,長野県,35.5143,137.8767,188,264,,,35.5111,137.8797
0,NGNH14,False,平谷,長野県,35.3095,137.6261,183,268,,,35.3063,137.6292
0,NGNH15,False,辰野,長野県,36.0088,137.9305,189,251,,,36.0056,137.9336
0,NGNH16,False,茅野,長野県,35.9465,138.1848,195,253,,,35.9433,138.1879
0,NGNH17,False,佐久,長野県,36.1425,138.5504,203,248,,,36.1393,138.5535
0,NGNH18,False,開田,長野県,35.9324,137.595,183,253,,,35.9292,137.598
0,NGNH19,False,川上,長野県,35.9735,138.5845,203,252,,,35.9703,138.5877
0,NGNH20,False,上松,長野県,35.787,137.7173,185,257,,,35.7839,137.7203
0,NGNH21,False,伊那,長野県,35.8315,137.9236,189,255,,,35.8283,137.9267
0,NGNH22,False,長谷,長野県,35.7946,138.0824,192,256,,,35.7914,138.0855
0,NGNH23,False,南木曽,長野県,35.6056,137.6105,183,261,,,35.6024,137.6135
0,NGNH24,False,松川,長野県,35.6152,137.8797,188,261,,,35.612,137.8827
0,NGNH25,False,南信濃,長野県,35.2986,137.9268,189,267,,,35.2953,137.9298
0,NGNH26,False,上山田,長野県,36.4663,138.1474,194,240,,,36.4632,138.1505
0,NGNH27,False,信州新,長野県,36.577,138.0479,192,237,,,36.5739,138.051
0,NGNH28,False,戸隠,長野県,36.7075,138.0964,193,234,,,36.7044,138.0995
0,NGNH29,False,野沢温泉,長野県,36.9102,138.4408,200,229,,,36.9072,138.4439
0,NGNH30,False,奈川,長野県,36.064,137.6849,184,250,,,36.0609,137.688
0,NGNH31,False,塩尻,長野県,36.1184,137.9389,190,248,,,36.1153,137.9419
0,NGNH32,False,松本,長野県,36.2578,137.9898,191,245,,,36.2546,137.9929
0,NGNH33,False,生坂,長野県,36.4598,137.9637,190,240,,,36.4567,137.9668
0,NGNH34,False,大町中,長野県,36.5327,137.8201,187,238,,,36.5296,137.8231
0,NGNH35,False,穂高,長野県,36.3824,137.8201,187,242,,,36.3793,137.8231
0,NGNH36,False,白馬,長野県,36.6984,137.8482,188,234,,,36.6953,137.8513
0,NGNH37,False,御代田,長野県,36.3308,138.4967,202,243,,,36.3277,138.4999
0,NGNH54,False,飯田,長野県,35.4489,138.0058,191,265,,,35.4456,138.0088
0,NGSH01,False,平戸,長崎県,33.2116,129.4353,16,320,,,33.2083,129.4375
0,NGSH02,False,佐世保北,長崎県,33.2122,129.7652,23,320,,,33.2089,129.7675
0,NGSH03,False,佐世保南,長崎県,33.1256,129.8102,24,322,,,33.1222,129.8125
0,NGSH04,False,琴海,長崎県,32.9553,129.8026,24,326,,,32.9519,129.8049
0,NGSH05,False,高来,長崎県,32.9103,130.1408,31,327,,,32.9069,130.1431
0,NGSH06,False,長崎,長崎県,32.6999,129.8625,24,332,,,32.6965,129.8647
0,NIGH01,False,長岡,新潟県,37.4272,138.8876,210,216,,,37.4242,138.8908
0,NIGH02,False,朝日,新潟県,38.2799,139.5486,222,195,,,38.2769,139.5519
0,NIGH03,False,荒川,新潟県,38.1327,139.4289,220,199,,,38.1297,139.4322
0,NIGH04,False,関川,新潟県,38.1313,139.5428,222,199,,,38.1283,139.5461
0,NIGH05,False,聖籠,新潟県,37.9759,139.2788,216,203,,,37.9729,139.2821
0,NIGH06,False,加茂,新潟県,37.6527,139.0676,212,211,,,37.6497,139.0708
0,NIGH07,False,村松,新潟県,37.6658,139.261,217,210,,,37.6628,139.2643
0,NIGH08,False,津川,新潟県,37.6708,139.4648,221,210,,,37.6678,139.4681
0,NIGH09,False,下田,新潟県,37.5386,139.1279,214,214,,,37.5356,139.1311
0,NIGH10,False,上川,新潟県,37.5438,139.3648,219,213,,,37.5408,139.3681
0,NIGH11,False,川西,新潟県,37.1728,138.744,205,222,,,37.1697,138.7472
0,NIGH12,False,湯之谷,新潟県,37.2239,138.9821,212,221,,,37.2208,138.9853
0,NIGH13,False,牧,新潟県,37.0544,138.3966,199,226,,,37.0514,138.3997
0,NIGH14,False,塩沢,新潟県,37.0303,138.8521,208,226,,,37.0272,138.8553
0,NIGH15,False,六日,新潟県,37.0533,138.9951,211,225,,,37.0503,138.9983
0,NIGH16,False,糸魚川,新潟県,36.9378,137.848,188,228,,,36.9347,137.8511
0,NIGH17,False,妙高高原,新潟県,36.8569,138.0966,193,230,,,36.8539,138.0997
0,NIGH18,False,妙高,新潟県,36.9425,138.2594,196,228,,,36.9394,138.2625
0,NIGH19,False,湯沢,新潟県,36.8114,138.7849,207,231,,,36.8083,138.7881
0,NMRH01,False,標津北,北海道,43.785,145.0246,334,60,,,43.7825,145.0286
0,NMRH02,False,標津南,北海道,43.6772,144.9618,332,63,,,43.6747,144.9658
0,NMRH03,False,中標津,北海道,43.5508,144.9665,333,66,,,43.5483,144.9706
0,NMRH04,False,別海東,北海道,43.3978,145.1224,336,70,,,43.3953,145.1264
0,NMRH05,False,別海西,北海道,43.39,144.8021,329,70,,,43.3875,144.8061
0,OITH01,False,山国,大分県,33.4122,131.0326,49,315,,,33.4089,131.035
0,OITH02,False,山香,大分県,33.4581,131.4429,57,314,,,33.4547,131.4453
0,OITH03,False,安岐,大分県,33.4736,131.6856,62,313,,,33.4703,131.6881
0,OITH04,False,庄内,大分県,33.1306,131.3473,54,322,,,33.1272,131.3497
0,OITH05,False,野津原,大分県,33.1525,131.542,59,321,,,33.1492,131.5444
0,OITH06,False,竹田,大分県,32.9726,131.3984,55,326,,,32.9692,131.4008
0,OITH07,False,三重,大分県,32.987,131.5881,60,325,,,32.9836,131.5905
0,OITH08,False,宇目西,大分県,32.8392,131.5357,59,329,,,32.8358,131.5381
0,OITH09,False,宇目東,大分県,32.8486,131.6786,62,329,,,32.8452,131.681
0,OITH10,False,佐伯,大分県,32.9278,131.8695,65,327,,,32.9244,131.8719
0,OITH11,False,九重,大分県,33.2844,131.2118,53,318,,,33.2811,131.2142
0,OKYH01,False,玉野,岡山県,34.507,133.8905,107,288,,,34.5037,133.8931
0,OKYH02,False,瀬戸,岡山県,34.7501,134.0702,111,282,,,34.7468,134.0728
0,OKYH03,False,岡山,岡山県,34.7783,133.789,105,281,,,34.7751,133.7917
0,OKYH04,False,真備,岡山県,34.6429,133.6861,102,285,,,34.6397,133.6888
0,OKYH05,False,建部,岡山県,34.8684,133.8527,105,279,,,34.8652,133.8554
0,OKYH06,False,美星,岡山県,34.6756,133.5283,100,284,,,34.6724,133.5309
0,OKYH07,False,神郷,岡山県,35.0493,133.3169,95,275,,,35.0461,133.3196
0,OKYH08,False,哲多,岡山県,34.9103,133.4055,97,278,,,34.9071,133.4081
0,OKYH09,False,湯原,岡山県,35.1809,133.6765,103,271,,,35.1777,133.6792
0,OKYH10,False,上斎原,岡山県,35.2826,133.9263,108,269,,,35.2794,133.929
0,OKYH11,False,勝央,岡山県,35.0732,134.1162,112,274,,,35.07,134.1189
0,OKYH12,False,大原,岡山県,35.0999,134.319,116,273,,,35.0967,134.3217
0,OKYH13,False,日生,岡山県,34.7283,134.2744,115,282,,,34.7251,134.2771
0,OKYH14,False,北房,岡山県,34.9363,133.6205,102,277,,,34.9331,133.6232
0,OSKH01,False,田尻,大阪府,34.3977,135.2836,135,291,,,34.3944,135.2864
0,OSKH02,False,此花,大阪府,34.6628,135.3896,138,284,,,34.6595,135.3924
0,OSKH03,False,太子,大阪府,34.5248,135.6608,144,286,,,34.5215,135.6636
0,OSKH04,False,交野,大阪府,34.763,135.7052,144,282,,,34.7597,135.7081
0,OSKH05,False,大阪,大阪府,34.7159,135.5199,140,283,,,34.7127,135.5227
0,OSMH01,False,知内,北海道,41.5977,140.4207,240,114,,,41.5951,140.4243
0,OSMH02,False,上磯,北海道,41.8374,140.6331,244,108,,,41.8349,140.6367
0,RMIH01,False,幌延,北海道,45.0167,142.0795,274,30,,,45.0144,142.0833
0,RMIH02,False,天塩,北海道,44.8948,141.9251,271,33,,,44.8925,141.9289
0,RMIH03,False,遠別,北海道,44.6359,141.8187,268,39,,,44.6336,141.8225
0,RMIH04,False,小平東,北海道,44.0974,141.9621,271,53,,,44.0951,141.9659
0,RMIH05,False,小平西,北海道,44.0254,141.7876,267,54,,,44.0231,141.7914
0,SAGH01,False,鎮西,佐賀県,33.508,129.8877,26,312,,,33.5047,129.8899
0,SAGH02,False,伊万里,佐賀県,33.2656,129.8798,26,318,,,33.2623,129.8821
0,SAGH03,False,富士,佐賀県,33.4098,130.2329,33,315,,,33.4065,130.2353
0,SAGH04,False,東脊振,佐賀県,33.3654,130.4046,36,316,,,33.3621,130.4069
0,SAGH05,False,白石,佐賀県,33.1806,130.1046,31,320,,,33.1772,130.1069
0,SBSH01,False,古平,北海道,43.2341,140.6228,244,74,,,43.2317,140.6264
0,SBSH02,False,泊,北海道,43.0527,140.5017,242,78,,,43.0503,140.5053
0,SBSH03,False,赤井川,北海道,43.0842,140.8199,248,77,,,43.0818,140.8235
0,SBSH04,False,共和,北海道,42.9758,140.6219,244,80,,,42.9733,140.6256
0,SBSH05,False,倶知安,北海道,42.95,140.8223,248,80,,,42.9476,140.8259
0,SBSH06,False,蘭越,北海道,42.8309,140.4831,240,84,,,42.8285,140.4867
0,SBSH07,False,真狩,北海道,42.763,140.8084,248,85,,,42.7606,140.8121
0,SBSH08,False,喜茂別,北海道,42.768,140.9766,251,85,,,42.7656,140.9803
0,SBSH09,False,黒松内,北海道,42.6104,140.4841,241,89,,,42.6079,140.4877
0,SBSH10,False,島牧,北海道,42.7797,140.1557,235,85,,,42.7772,140.1593
0,SIGH01,False,多賀,滋賀県,35.2383,136.3599,157,270,,,35.2351,136.3628
0,SIGH02,False,大津,滋賀県,35.2482,135.8671,147,270,,,35.245,135.87
0,SIGH03,False,信楽,滋賀県,34.853,136.0316,151,279,,,34.8497,136.0344
0,SIGH04,False,日野,滋賀県,34.9638,136.261,155,276,,,34.9606,136.2639
0,SITH01,False,岩槻,埼玉県,35.929,139.7349,226,254,,,35.9258,139.7381
0,SITH03,False,日高,埼玉県,35.899,139.3843,219,253,,,35.8958,139.3875
0,SITH04,False,所沢,埼玉県,35.8028,139.5353,222,256,,,35.7996,139.5385
0,SITH05,False,神泉,埼玉県,36.1509,139.0504,211,248,,,36.1478,139.0536
0,SITH06,False,川本,埼玉県,36.1131,139.2894,217,248,,,36.11,139.2926
0,SITH07,False,名栗,埼玉県,35.9118,139.1485,214,253,,,35.9086,139.1517
0,SITH08,False,小鹿野,埼玉県,36.0274,138.9691,210,251,,,36.0243,138.9722
0,SITH09,False,皆野,埼玉県,36.0715,139.0993,214,250,,,36.0683,139.1024
0,SITH10,False,都幾川,埼玉県,35.9964,139.2191,217,252,,,35.9933,139.2223
0,SITH11,False,飯能,埼玉県,35.8637,139.2726,217,255,,,35.8605,139.2758
0,SMNH01,False,伯太,島根県,35.2963,133.2604,94,269,,,35.2931,133.263
0,SMNH02,False,仁多,島根県,35.2235,133.0856,91,270,,,35.2203,133.0882
0,SMNH03,False,佐田,島根県,35.2243,132.7223,83,270,,,35.2212,132.7249
0,SMNH04,False,邑智,島根県,35.0918,132.5308,79,274,,,35.0886,132.5333
0,SMNH05,False,羽須美,島根県,34.8697,132.6396,82,279,,,34.8665,132.6422
0,SMNH06,False,金城,島根県,34.8839,132.2026,73,279,,,34.8807,132.2051
0,SMNH07,False,美都,島根県,34.694,132.0402,69,283,,,34.6908,132.0427
0,SMNH08,False,石見,島根県,34.8801,132.4208,77,279,,,34.8769,132.4233
0,SMNH09,False,匹見,島根県,34.5725,132.0122,69,286,,,34.5693,132.0147
0,SMNH10,False,美保関,島根県,35.5579,133.3004,95,262,,,35.5547,133.3031
0,SMNH11,False,平田,島根県,35.4259,132.8008,85,265,,,35.4228,132.8033
0,SMNH12,False,吉田,島根県,35.1634,132.8558,86,272,,,35.1603,132.8583
0,SMNH13,False,江津,島根県,35.0087,132.3069,75,276,,,35.0056,132.3094
0,SMNH14,False,六日市,島根県,34.3904,131.8925,65,291,,,34.3872,131.895
0,SMNH15,False,鹿島,島根県,35.5232,133.0226,88,263,,,35.5201,133.0252
0,SMNH16,False,加茂,島根県,35.3422,132.8989,87,267,,,35.3391,132.9014
0,SOYH01,False,猿払北,北海道,45.3346,142.1185,274,22,,,45.3324,142.1224
0,SOYH02,False,猿払南,北海道,45.2163,142.2254,277,25,,,45.2141,142.2293
0,SOYH03,False,稚内西,北海道,45.2531,141.6334,265,24,,,45.2508,141.6372
0,SOYH04,False,稚内東,北海道,45.2303,141.8806,270,25,,,45.2281,141.8844
0,SOYH05,False,稚内北,北海道,45.4883,141.885,269,18,,,45.4861,141.8889
0,SOYH06,False,豊富,北海道,45.1019,141.7834,269,28,,,45.0997,141.7872
0,SOYH07,False,浜頓別,北海道,45.1001,142.4307,281,28,,,45.0978,142.4346
0,SOYH08,False,中頓別,北海道,44.9387,142.2247,277,33,,,44.9364,142.2286
0,SOYH09,False,歌登北,北海道,44.857,142.4868,282,34,,,44.8547,142.4907
0,SOYH10,False,歌登南,北海道,44.7433,142.6039,284,37,,,44.741,142.6078
0,SRCH01,False,幌加内北,北海道,44.2803,142.1594,274,48,,,44.278,142.1633
0,SRCH02,False,幌加内中,北海道,44.116,142.1414,275,52,,,44.1136,142.1452
0,SRCH03,False,幌加内南,北海道,43.9994,142.1258,275,55,,,43.997,142.1296
0,SRCH04,False,沼田,北海道,43.8203,141.9397,271,58,,,43.8179,141.9435
0,SRCH05,False,深川北,北海道,43.8243,142.1594,275,59,,,43.8219,142.1632
0,SRCH06,False,深川南,北海道,43.6948,142.0776,275,62,,,43.6924,142.0814
0,SRCH07,False,三笠,北海道,43.23,141.8978,270,74,,,43.2276,141.9016
0,SRCH08,False,砂川,北海道,43.5138,141.909,269,67,,,43.5114,141.9128
0,SRCH09,False,栗山,北海道,43.0587,141.8063,268,78,,,43.0563,141.81
0,SRCH10,False,夕張,北海道,42.993,142.0085,272,80,,,42.9905,142.0123
0,SZOH24,False,引佐,静岡県,34.8343,137.6616,184,280,,,34.831,137.6646
0,SZOH25,False,新居,静岡県,34.6913,137.5604,180,285,,,34.6879,137.5634
0,SZOH26,False,袋井,静岡県,34.7948,137.9034,189,281,,,34.7915,137.9064
0,SZOH28,False,浜松,静岡県,34.6683,137.7441,186,284,,,34.665,137.7471
0,SZOH29,False,静岡北,静岡県,35.307,138.1973,195,268,,,35.3038,138.2003
0,SZOH30,False,水窪北,静岡県,35.2233,137.9181,189,271,,,35.2201,137.9212
0,SZOH31,False,川根,静岡県,34.9398,138.0767,192,277,,,34.9365,138.0798
0,SZOH32,False,龍山東,静岡県,35.0086,137.8409,187,276,,,35.0053,137.8439
0,SZOH33,False,静岡南,静岡県,35.0146,138.3526,198,275,,,35.0113,138.3557
0,SZOH34,False,清水北,静岡県,35.1304,138.4243,199,273,,,35.1271,138.4273
0,SZOH35,False,伊東中,静岡県,34.9467,139.0855,212,278,,,34.9434,139.0887
0,SZOH36,False,藤枝,静岡県,34.9142,138.2008,195,279,,,34.9109,138.2038
0,SZOH37,False,芝川,静岡県,35.2028,138.5659,201,271,,,35.1995,138.569
0,SZOH38,False,函南,静岡県,35.0854,138.9779,211,274,,,35.0821,138.981
0,SZOH39,False,西伊豆西,静岡県,34.7988,138.7724,206,281,,,34.7954,138.7755
0,SZOH40,False,河津,静岡県,34.7832,138.97,210,281,,,34.7798,138.9732
0,SZOH41,False,南伊豆,静岡県,34.6749,138.834,209,284,,,34.6715,138.8372
0,SZOH42,False,修善寺,静岡県,34.9756,138.9128,209,276,,,34.9723,138.9159
0,SZOH43,False,清水南,静岡県,34.9739,138.4924,201,276,,,34.9706,138.4955
0,SZOH53,False,掛川3,静岡県,34.8768,138.0174,191,279,,,34.8735,138.0205
0,SZOH54,False,初島2,静岡県,35.0417,139.1685,215,275,,,35.0384,139.1716
0,TCGH06,False,真岡,栃木県,36.4458,139.9509,230,240,,,36.4427,139.9541
0,TCGH07,False,栗山西,栃木県,36.8817,139.4534,220,230,,,36.8786,139.4567
0,TCGH08,False,栗山東,栃木県,36.8828,139.6459,224,230,,,36.8797,139.6492
0,TCGH09,False,矢板,栃木県,36.8625,139.8364,228,230,,,36.8594,139.8397
0,TCGH10,True,大田原,栃木県,36.8578,140.0225,233,231,,,36.8547,140.0258
0,TCGH11,False,今市,栃木県,36.7084,139.7694,228,234,,,36.7053,139.7727
0,TCGH12,False,氏家,栃木県,36.6959,139.9842,231,234,,,36.6928,139.9875
0,TCGH13,False,馬頭,栃木県,36.7342,140.1781,235,233,,,36.7311,140.1814
0,TCGH14,False,粟野,栃木県,36.5509,139.6154,224,238,,,36.5478,139.6186
0,TCGH15,False,宇都宮,栃木県,36.5595,139.8637,229,238,,,36.5564,139.8669
0,TCGH16,False,芳賀,栃木県,36.548,140.0751,233,238,,,36.5449,140.0784
0,TCGH17,False,藤原2,栃木県,36.9853,139.6922,225,227,,,36.9823,139.6955
0,TKCH01,False,陸別,北海道,43.4683,143.683,306,68,,,43.4658,143.6869
0,TKCH02,False,足寄東,北海道,43.3822,143.8983,311,70,,,43.3797,143.9022
0,TKCH03,False,足寄西,北海道,43.2708,143.4317,301,73,,,43.2683,143.4356
0,TKCH04,False,新得南,北海道,43.1739,142.9176,291,75,,,43.1714,142.9214
0,TKCH05,False,本別,北海道,43.1211,143.6181,305,77,,,43.1186,143.6219
0,TKCH06,False,芽室,北海道,42.892,143.0603,293,82,,,42.8894,143.0642
0,TKCH07,False,豊頃,北海道,42.8114,143.5203,303,84,,,42.8089,143.5242
0,TKCH08,False,大樹,北海道,42.4865,143.152,296,92,,,42.4839,143.1558
0,TKCH10,False,新得北,北海道,43.3337,142.9448,291,71,,,43.3313,142.9486
0,TKCH11,False,清水,北海道,42.8742,142.883,290,83,,,42.8717,142.8868
0,TKSH01,False,日和佐,徳島県,33.7751,134.4994,119,306,,,33.7717,134.5021
0,TKSH02,False,貞光,徳島県,34.0112,134.0918,111,301,,,34.0079,134.0945
0,TKSH03,False,木屋平,徳島県,33.8778,134.1294,112,303,,,33.8745,134.1321
0,TKSH04,False,徳島,徳島県,33.9902,134.5337,120,301,,,33.9869,134.5364
0,TKSH05,False,海南,徳島県,33.6628,134.3156,116,309,,,33.6594,134.3183
0,TKSH06,False,井川,徳島県,33.9997,133.8933,107,300,,,33.9964,133.8959
0,TKYH02,False,府中,東京都,35.6539,139.4704,221,260,,,35.6507,139.4736
0,TKYH11,False,江東,東京都,35.6114,139.8125,228,262,,,35.6081,139.8157
0,TKYH12,False,八王子,東京都,35.6701,139.265,217,259,,,35.6669,139.2682
0,TKYH13,False,檜原南,東京都,35.7017,139.1275,,,,,35.6984,139.1306
0,TTRH01,False,智頭,鳥取県,35.2604,134.2173,114,269,,,35.2572,134.22
0,TTRH02,False,日野,鳥取県,35.2313,133.3909,97,270,,,35.2281,133.3936
0,TTRH03,False,溝口,鳥取県,35.3553,133.4918,99,267,,,35.3522,133.4944
0,TTRH04,False,赤碕,鳥取県,35.4668,133.6307,102,264,,,35.4636,133.6333
0,TTRH05,False,岩美,鳥取県,35.5729,134.3426,116,262,,,35.5698,134.3454
0,TTRH06,False,河原,鳥取県,35.3946,134.1988,113,266,,,35.3914,134.2015
0,TTRH07,False,関金,鳥取県,35.3649,133.7486,104,267,,,35.3618,133.7513
0,TYMH01,False,氷見,富山県,36.8866,136.9276,168,230,,,36.8836,136.9306
0,TYMH02,False,大門,富山県,36.7142,137.0378,170,234,,,36.7111,137.0408
0,TYMH03,False,富山,富山県,36.7294,137.2627,176,233,,,36.7263,137.2658
0,TYMH04,False,魚津,富山県,36.7914,137.4689,181,233,,,36.7883,137.4719
0,TYMH05,False,井波,富山県,36.5736,136.9584,171,236,,,36.5706,136.9614
0,TYMH06,False,八尾,富山県,36.5711,137.1595,175,238,,,36.5681,137.1625
0,TYMH07,False,利賀,富山県,36.4406,137.0392,171,239,,,36.4375,137.0422
0,WKYH01,False,広川,和歌山県,33.9804,135.2122,134,301,,,33.9771,135.215
0,WKYH02,False,花園,和歌山県,34.1373,135.5369,141,297,,,34.134,135.5397
0,WKYH03,False,野上,和歌山県,34.1314,135.3244,136,297,,,34.1281,135.3272
0,WKYH04,False,すさみ,和歌山県,33.5559,135.5454,141,311,,,33.5525,135.5482
0,WKYH05,False,那智勝浦,和歌山県,33.6072,135.8619,147,310,,,33.6038,135.8648
0,WKYH06,False,大塔,和歌山県,33.6948,135.5953,141,308,,,33.6915,135.5981
0,WKYH07,False,上富田,和歌山県,33.6894,135.4396,139,308,,,33.6861,135.4424
0,WKYH08,False,那賀,和歌山県,34.3228,135.4483,139,292,,,34.3194,135.4511
0,WKYH09,False,和歌山,和歌山県,34.2868,135.0714,131,293,,,34.2835,135.0742
0,WKYH10,False,印南,和歌山県,33.8248,135.2172,134,305,,,33.8214,135.22
0,YMGH01,False,防府,山口県,34.0494,131.5618,60,299,,,34.0461,131.5642
0,YMGH02,False,美祢,山口県,34.1111,131.1434,52,298,,,34.1078,131.1458
0,YMGH03,False,岩国,山口県,34.1891,132.126,71,296,,,34.1858,132.1285
0,YMGH04,False,周東,山口県,34.027,132.0626,70,300,,,34.0237,132.0651
0,YMGH05,False,美川,山口県,34.1974,131.9943,70,294,,,34.1941,131.9968
0,YMGH06,False,宇部,山口県,33.9893,131.3012,54,301,,,33.986,131.3036
0,YMGH07,False,菊川,山口県,34.1149,131.0506,49,297,,,34.1117,131.053
0,YMGH08,False,豊浦,山口県,34.1349,130.9323,46,298,,,34.1316,130.9347
0,YMGH09,False,田万川,山口県,34.6257,131.6681,63,285,,,34.6225,131.6706
0,YMGH10,False,むつみ,山口県,34.4837,131.6329,61,288,,,34.4805,131.6353
0,YMGH11,False,徳地,山口県,34.2091,131.6859,62,295,,,34.2058,131.6883
0,YMGH12,False,美東,山口県,34.2176,131.3597,56,295,,,34.2143,131.3621
0,YMGH13,False,長門,山口県,34.3408,131.177,52,292,,,34.3376,131.1794
0,YMGH14,False,萩,山口県,34.3979,131.3774,56,292,,,34.3947,131.3798
0,YMGH15,False,徳山,山口県,33.9725,131.8149,65,301,,,33.9692,131.8174
0,YMGH16,False,上関,山口県,33.826,132.104,71,305,,,33.8227,132.1064
0,YMGH17,False,東和,山口県,33.9291,132.4046,77,301,,,33.9258,132.4071
0,YMNH08,False,西野原,山梨県,35.6895,138.734,206,259,,,35.6863,138.7371
0,YMNH09,False,早川,山梨県,35.4327,138.3325,197,266,,,35.4294,138.3356
0,YMNH10,False,早川北,山梨県,35.5351,138.3087,197,263,,,35.5319,138.3118
0,YMNH11,False,大月,山梨県,35.6247,138.9777,211,260,,,35.6215,138.9808
0,YMNH12,False,増穂,山梨県,35.5623,138.449,200,262,,,35.5591,138.4521
0,YMNH13,False,身延,山梨県,35.3509,138.4203,198,268,,,35.3476,138.4234
0,YMNH14,False,都留南,山梨県,35.5115,138.9675,210,263,,,35.5082,138.9707
0,YMNH15,False,上九一色,山梨県,35.5323,138.6045,203,262,,,35.5291,138.6076
0,YMNH16,False,甲府2,山梨県,35.7421,138.5653,202,258,,,35.7389,138.5684
0,YMTH01,False,天童,山形県,38.3841,140.3805,239,194,,,38.3811,140.3839
0,YMTH02,False,山形,山形県,38.2693,140.2583,237,196,,,38.2664,140.2617
0,YMTH03,False,南陽,山形県,38.1035,140.1553,235,200,,,38.1006,140.1586
0,YMTH04,False,上山,山形県,38.0813,140.2978,238,200,,,38.0783,140.3011
0,YMTH05,False,小国,山形県,37.9883,139.8017,227,203,,,37.9853,139.805
0,YMTH06,False,高畠,山形県,37.9633,140.1836,235,203,,,37.9603,140.1869
0,YMTH07,False,米沢,山形県,37.896,140.0278,232,205,,,37.8931,140.0311
0,YMTH08,False,八幡,山形県,38.9701,140.0333,232,178,,,38.9672,140.0367
0,YMTH09,False,戸沢,山形県,38.7498,140.178,235,184,,,38.7469,140.1814
0,YMTH10,False,舟形,山形県,38.7107,140.3744,239,185,,,38.7078,140.3778
0,YMTH11,False,最上,山形県,38.7132,140.5544,243,185,,,38.7103,140.5578
0,YMTH12,False,立川,山形県,38.6357,140.0055,232,187,,,38.6328,140.0089
0,YMTH13,False,朝日,山形県,38.4704,139.7606,227,191,,,38.4675,139.7639
0,YMTH14,False,西川西,山形県,38.386,139.9916,231,193,,,38.3831,139.995
0,YMTH15,False,西川東,山形県,38.4257,140.1249,234,192,,,38.4228,140.1283
0,AIC001,False,尾西,愛知県,35.2974,136.7505,166,268,,,35.2944,136.753
0,AIC002,False,小牧,愛知県,35.2979,136.9154,169,269,,,35.2947,136.9183
0,AIC003,False,津島,愛知県,35.1734,136.7402,165,272,,,35.17,136.7433
0,AIC004,False,名古屋,愛知県,35.0631,136.9738,170,274,,,35.06,136.9767
0,AIC005,False,藤岡,愛知県,35.1983,137.2061,175,271,,,35.1947,137.2086
0,AIC006,False,稲武,愛知県,35.2158,137.5089,181,270,,,35.2127,137.5116
0,AIC007,True,足助,愛知県,35.1394,137.3353,,,,,35.1361,137.3383
0,AIC008,False,設楽,愛知県,35.1006,137.5757,182,273,,,35.0973,137.5786
0,AIC009,False,豊田,愛知県,35.0813,137.1466,173,274,,,35.078,137.1494
0,AIC010,False,作手,愛知県,34.9803,137.4297,179,276,,,34.977,137.4327
0,AIC011,False,知多,愛知県,34.9966,136.8641,168,276,,,34.9933,136.8669
0,AIC012,False,安城,愛知県,34.9119,137.0446,171,279,,,34.9086,137.0477
0,AIC013,False,長篠,愛知県,34.9529,137.6067,182,278,,,34.9302,137.5791
0,AIC014,False,蒲郡,愛知県,34.8285,137.2199,175,280,,,34.823,137.223
0,AIC015,False,豊橋,愛知県,34.7552,137.404,180,283,,,34.7516,137.4077
0,AIC016,False,美浜,愛知県,34.7784,136.9082,169,280,,,34.7755,136.9116
0,AIC017,False,田原,愛知県,34.6697,137.2638,175,283,,,34.6695,137.2636
0,AIC018,False,渥美,愛知県,34.622,137.1086,173,285,,,34.6188,137.1108
0,AKT001,False,小坂,秋田県,40.328,140.7429,247,145,,,40.3252,140.7463
0,AKT002,False,大館,秋田県,40.2676,140.5664,243,148,,,40.265,140.5694
0,AKT003,False,藤里,秋田県,40.2784,140.2631,237,147,,,40.2755,140.2666
0,AKT004,False,八森,秋田県,40.3886,139.9822,231,144,,,40.3861,139.9861
0,AKT005,False,能代,秋田県,40.202,140.0286,232,148,,,40.2005,140.0322
0,AKT006,False,鹿角,秋田県,40.2153,140.7873,248,148,,,40.2125,140.7908
0,AKT007,False,琴丘,秋田県,40.0376,140.0919,233,152,,,40.0349,140.0953
0,AKT008,False,飯田川,秋田県,39.884,140.0706,233,157,,,39.8802,140.075
0,AKT009,False,男鹿,秋田県,39.8869,139.8467,228,156,,,39.8852,139.85
0,AKT010,False,秋田,秋田県,39.7223,140.0998,234,160,,,39.7197,140.1036
0,AKT011,False,宮田,秋田県,39.8133,140.5805,,,,,39.81,140.5838
0,AKT012,False,田沢湖,秋田県,39.7014,140.7178,246,161,,,39.6963,140.7216
0,AKT013,False,協和,秋田県,39.6071,140.3209,237,163,,,39.6041,140.3247
0,AKT014,False,角館,秋田県,39.595,140.5573,242,164,,,39.5922,140.5588
0,AKT015,False,本荘,秋田県,39.3844,140.0519,233,168,,,39.3802,140.0533
0,AKT016,False,大曲,秋田県,39.4545,140.4758,241,167,,,39.4516,140.4794
0,AKT017,False,横手,秋田県,39.2978,140.5621,243,170,,,39.2947,140.5663
0,AKT018,False,鳥海,秋田県,39.1937,140.1899,236,173,,,39.1911,140.1936
0,AKT019,False,雄勝,秋田県,39.039,140.449,240,177,,,39.0355,140.4544
0,AKT020,False,象潟,秋田県,39.2027,139.9088,230,173,,,39.1994,139.9119
0,AKT021,False,阿仁,秋田県,39.994,140.4035,240,152,,,39.9922,140.4066
0,AKT022,False,玉川,秋田県,39.7739,140.6669,246,158,,,39.7711,140.6702
0,AKT023,False,椿台,秋田県,39.1464,140.7161,246,175,,,39.1433,140.7205
0,AOM001,False,大間,青森県,41.5269,140.9246,,,,,41.5241,140.928
0,AOM002,False,福浦,青森県,41.328,140.8132,248,121,,,41.3254,140.8168
0,AOM003,False,大畑,青森県,41.4054,141.1699,255,119,,,41.4028,141.1735
0,AOM004,False,尻屋,青森県,41.4064,141.4477,261,119,,,41.4061,141.4522
0,AOM005,False,むつ,青森県,41.2949,141.1972,256,121,,,41.2922,141.2008
0,AOM006,False,川内,青森県,41.1976,140.9979,252,126,,,41.195,141.0008
0,AOM007,False,南通,青森県,41.1689,141.3845,260,124,,,41.1664,141.3882
0,AOM008,False,横浜,青森県,41.0844,141.2554,256,126,,,41.0813,141.2588
0,AOM009,False,六ヶ所,青森県,40.9658,141.373,,,,,40.9638,141.3769
0,AOM010,False,野辺地,青森県,40.8724,141.1427,256,132,,,40.8694,141.1452
0,AOM011,False,三沢,青森県,40.6803,141.3669,258,135,,,40.6776,141.3705
0,AOM012,False,八戸,青森県,40.5127,141.488,262,141,,,40.5111,141.4841
0,AOM013,False,南部,青森県,40.4126,141.2813,256,143,,,40.4097,141.2836
0,AOM014,False,子ノ口,青森県,40.4472,140.9403,252,142,,,40.4344,140.9441
0,AOM015,False,碇ヶ関,青森県,40.4791,140.6268,245,141,,,40.4711,140.6341
0,AOM016,False,弘前,青森県,40.6021,140.4982,242,138,,,40.5991,140.5025
0,AOM017,False,深浦,青森県,40.6388,139.9295,230,137,,,40.6336,139.9319
0,AOM018,False,鯵ヶ沢,青森県,40.7776,140.206,235,134,,,40.7755,140.2011
0,AOM019,False,五所川原,青森県,40.8152,140.447,241,133,,,40.8125,140.4508
0,AOM020,False,青森,青森県,40.8194,140.7498,247,133,,,40.8166,140.7536
0,AOM021,False,十和田,青森県,40.615,141.2083,257,137,,,40.6125,141.2116
0,AOM022,False,東田沢,青森県,40.9923,140.9161,250,129,,,40.9897,140.9191
0,AOM023,False,中里,青森県,40.9664,140.4317,240,130,,,40.965,140.4361
0,AOM024,False,蟹田,青森県,41.0473,140.6399,245,127,,,41.0447,140.6433
0,AOM025,False,今別,青森県,41.1797,140.4805,241,124,,,41.1769,140.4836
0,AOM026,False,小泊,青森県,41.128,140.3107,238,125,,,41.1255,140.3141
0,AOM027,False,脇野沢,青森県,41.1457,140.8219,248,125,,,41.1427,140.8255
0,AOM028,False,八甲田,青森県,40.7004,140.919,250,136,,,40.6975,140.9225
0,AOM029,False,西目屋,青森県,40.5764,140.2968,237,138,,,40.5731,140.3
0,CHB001,False,野田,千葉県,35.9571,139.8731,229,252,,,35.9563,139.8766
0,CHB002,False,松戸,千葉県,35.7871,139.9024,229,255,,,35.7836,139.9063
0,CHB003,False,白井,千葉県,35.7926,140.0577,234,256,,,35.7911,140.0597
0,CHB004,False,佐原,千葉県,35.8889,140.4903,242,254,,,35.8975,140.4938
0,CHB005,False,銚子,千葉県,35.7353,140.8271,,,,,35.7325,140.8333
0,CHB006,False,成田,千葉県,35.779,140.3073,238,257,,,35.7769,140.31
0,CHB007,False,佐倉,千葉県,35.7237,140.2246,236,258,,,35.7202,140.23
0,CHB008,False,浦安,千葉県,35.6556,139.9027,230,261,,,35.6505,139.9055
0,CHB009,False,千葉,千葉県,35.5871,140.2378,236,260,,,35.605,140.1055
0,CHB010,False,八日市場,千葉県,35.7086,140.5637,244,259,,,35.7044,140.5713
0,CHB011,False,蓮沼,千葉県,35.5877,140.4971,,,,,35.5844,140.5004
0,CHB012,False,東金,千葉県,35.5721,140.3436,239,262,,,35.5694,140.3366
0,CHB013,False,茂原,千葉県,35.4294,140.2892,237,265,,,35.4294,140.2938
0,CHB014,False,姉崎,千葉県,35.471,140.0454,233,264,,,35.4736,140.0522
0,CHB015,False,木更津,千葉県,35.3738,139.9199,231,267,,,35.3705,139.9191
0,CHB016,False,岬,千葉県,35.2998,140.3866,239,269,,,35.2966,140.39
0,CHB017,False,市場,千葉県,35.2976,140.0734,233,269,,,35.2955,140.0788
0,CHB018,False,勝浦,千葉県,35.152,140.3204,,,,,35.1544,140.3255
0,CHB019,False,鋸南,千葉県,35.1106,139.836,228,273,,,35.1072,139.8383
0,CHB020,False,鴨川,千葉県,35.1132,140.1006,234,272,,,35.1122,140.1055
0,CHB021,False,白浜,千葉県,34.9078,139.8994,229,279,,,34.905,139.9011
0,CHB022,False,富津,千葉県,35.3033,139.8555,229,269,,,35.305,139.863
0,CHB023,True,館山,千葉県,34.9741,139.8449,,,,,34.9708,139.8481
0,CHB024,False,稲毛,千葉県,35.6337,140.0781,232,260,,,35.6303,140.0817
0,CHB025,False,千倉,千葉県,34.9705,139.9458,231,276,,,34.9674,139.9491
0,CHB026,False,長南,千葉県,35.3858,140.2404,236,267,,,35.3839,140.2403
0,CHB027,False,勝浦北,千葉県,35.1806,140.2655,236,271,,,35.1777,140.2688
0,CHB028,False,市川北,千葉県,35.7664,139.9655,232,258,,,35.7628,139.9697
0,CHB029,False,行徳,千葉県,35.6948,139.9176,230,257,,,35.6915,139.9208
0,CHB030,True,木更津市役所,千葉県,35.3766,139.9151,,,,,35.3733,139.9183
0,EHM001,False,伊予三島,愛媛県,33.9788,133.5494,100,301,,,33.9755,133.552
0,EHM002,False,新居浜,愛媛県,33.9211,133.3079,95,302,,,33.9183,133.31
0,EHM003,False,東予,愛媛県,33.9253,133.0844,91,301,,,33.9233,133.0869
0,EHM004,False,今治,愛媛県,34.0627,132.9986,89,299,,,34.0591,133.0008
0,EHM005,False,川内,愛媛県,33.7973,132.9144,87,305,,,33.7941,132.9166
0,EHM006,False,美川,愛媛県,33.6412,133.008,89,309,,,33.6377,133.0108
0,EHM007,False,北条,愛媛県,33.9616,132.7719,84,301,,,33.9588,132.7747
0,EHM008,False,松山,愛媛県,33.8199,132.7282,84,305,,,33.8165,132.7307
0,EHM009,False,広田,愛媛県,33.6333,132.7965,85,309,,,33.6291,132.7988
0,EHM010,False,肱川,愛媛県,33.4511,132.6881,82,314,,,33.4478,132.6907
0,EHM011,False,八幡浜,愛媛県,33.4498,132.4341,77,314,,,33.4463,132.4361
0,EHM012,False,宇和島,愛媛県,33.2217,132.5724,80,320,,,33.2183,132.5752
0,EHM013,False,三崎,愛媛県,33.3917,132.114,71,314,,,33.3891,132.1166
0,EHM014,False,西海,愛媛県,32.9451,132.5042,79,326,,,32.9419,132.5072
0,EHM015,False,長浜,愛媛県,33.6094,132.4768,78,310,,,33.6061,132.4793
0,EHM016,False,伊予,愛媛県,33.7654,132.7089,82,306,,,33.7621,132.7114
0,FKI001,False,三国,福井県,36.2193,136.1565,153,246,,,36.2162,136.1594
0,FKI002,False,越廼,福井県,36.0391,136.0135,150,250,,,36.0355,136.0166
0,FKI003,False,福井,福井県,36.074,136.2687,155,251,,,36.0709,136.2716
0,FKI004,False,大野,福井県,35.9793,136.4867,160,252,,,35.9758,136.4894
0,FKI005,False,武生,福井県,35.9068,136.1748,153,254,,,35.9036,136.1772
0,FKI006,False,今庄,福井県,35.7731,136.2001,154,257,,,35.77,136.2027
0,FKI007,False,敦賀,福井県,35.6448,136.0575,,,,,35.6415,136.0604
0,FKI008,False,三方,福井県,35.5483,135.9091,149,262,,,35.5447,135.9113
0,FKI009,False,小浜,福井県,35.4956,135.7509,145,263,,,35.4933,135.7547
0,FKI010,False,高浜,福井県,35.4904,135.5518,142,264,,,35.4872,135.5538
0,FKI011,False,和泉,福井県,35.9097,136.6682,164,255,,,35.9066,136.6712
0,FKO001,False,玄海,福岡県,33.8425,130.5087,37,304,,,33.8392,130.5109
0,FKO002,False,中間,福岡県,33.8253,130.7058,42,305,,,33.823,130.7077
0,FKO003,False,北九州,福岡県,33.8324,130.9013,47,305,,,33.8291,130.9038
0,FKO004,False,行橋,福岡県,33.7366,131.0121,49,307,,,33.7355,131.0119
0,FKO005,False,飯塚,福岡県,33.652,130.6965,42,309,,,33.6486,130.6986
0,FKO006,False,福岡,福岡県,33.5989,130.399,36,310,,,33.5936,130.4008
0,FKO007,False,前原,福岡県,33.5614,130.2024,32,311,,,33.5577,130.2047
0,FKO008,False,添田,福岡県,33.5712,130.8546,46,310,,,33.5683,130.8563
0,FKO009,False,筑紫野,福岡県,33.4954,130.5164,39,313,,,33.4919,130.5186
0,FKO010,False,甘木,福岡県,33.4236,130.6691,42,314,,,33.4202,130.6713
0,FKO011,False,久留米,福岡県,33.3237,130.5118,38,317,,,33.3202,130.5138
0,FKO012,False,浮羽,福岡県,33.332,130.794,45,316,,,33.3286,130.7963
0,FKO013,False,八女,福岡県,33.2254,130.5608,39,319,,,33.2219,130.563
0,FKO014,False,矢部,福岡県,33.1496,130.8183,46,322,,,33.1458,130.8205
0,FKO015,False,柳川,福岡県,33.1629,130.4052,36,321,,,33.1594,130.4075
0,FKO016,False,大牟田,福岡県,33.0159,130.4472,37,325,,,33.0125,130.4494
0,FKS001,False,相馬,福島県,37.7946,140.9192,250,207,,,37.7919,140.923
0,FKS002,False,梁川,福島県,37.8453,140.6008,244,206,,,37.8419,140.6047
0,FKS003,False,福島,福島県,37.7624,140.4781,241,208,,,37.7583,140.4833
0,FKS004,False,飯舘,福島県,37.6798,140.7342,246,210,,,37.6769,140.738
0,FKS005,False,原町,福島県,37.6389,140.9853,252,211,,,37.6355,140.9883
0,FKS006,False,葛尾,福島県,37.5022,140.7593,248,213,,,37.5,140.7622
0,FKS007,False,大熊,福島県,37.4061,140.9632,251,217,,,37.403,140.9666
0,FKS008,False,船引,福島県,37.4343,140.567,243,217,,,37.4333,140.5702
0,FKS009,False,小野,福島県,37.2796,140.6344,244,219,,,37.2747,140.6383
0,FKS010,False,広野,福島県,37.2338,141.0018,252,221,,,37.2311,141.005
0,FKS011,False,いわき,福島県,37.0917,140.9031,249,224,,,37.088,140.9069
0,FKS012,False,勿来,福島県,36.9066,140.7928,248,229,,,36.9038,140.7963
0,FKS013,False,古殿,福島県,37.0893,140.5546,243,225,,,37.0869,140.5597
0,FKS014,False,矢祭,福島県,36.8864,140.4166,240,230,,,36.8833,140.4199
0,FKS015,False,棚倉,福島県,37.0237,140.3763,239,226,,,37.0186,140.3808
0,FKS016,False,白河,福島県,37.1232,140.191,235,224,,,37.1197,140.1947
0,FKS017,False,須賀川,福島県,37.2844,140.3689,240,220,,,37.2811,140.3722
0,FKS018,False,郡山,福島県,37.3959,140.3619,239,216,,,37.393,140.3655
0,FKS019,False,二本松,福島県,37.6031,140.4381,240,212,,,37.6,140.4402
0,FKS020,False,猪苗代,福島県,37.556,140.1226,234,213,,,37.5444,140.1111
0,FKS021,False,喜多方,福島県,37.6537,139.8607,229,211,,,37.6505,139.8666
0,FKS022,False,西会津,福島県,37.6005,139.6472,224,212,,,37.5972,139.65
0,FKS023,False,会津若松,福島県,37.4775,139.9309,230,215,,,37.4744,139.9327
0,FKS024,False,中野,福島県,37.3963,140.1326,234,217,,,37.3927,140.1358
0,FKS025,False,下郷,福島県,37.3082,139.8994,229,218,,,37.3047,139.9033
0,FKS026,False,南郷,福島県,37.2664,139.5368,222,220,,,37.263,139.5419
0,FKS027,False,滝原,福島県,37.0701,139.6807,225,225,,,37.0669,139.6841
0,FKS028,False,只見,福島県,37.3037,139.3619,219,220,,,37.3007,139.3651
0,FKS029,False,桧枝岐,福島県,37.0159,139.3806,,,,,37.0128,139.3834
0,FKS030,False,金山,福島県,37.4548,139.5252,222,216,,,37.45,139.5166
0,FKS031,False,川内,福島県,37.3363,140.8087,249,218,,,37.3333,140.8166
0,GIF001,False,白川,岐阜県,36.2743,136.8979,,,,,36.2711,136.9008
0,GIF002,False,河合,岐阜県,36.2734,137.0261,171,245,,,36.2703,137.0283
0,GIF003,False,神岡,岐阜県,36.3326,137.3019,176,243,,,36.3291,137.3044
0,GIF004,False,栃尾,岐阜県,36.2493,137.5175,,,,,36.2461,137.5205
0,GIF005,False,高山,岐阜県,36.1537,137.2513,177,247,,,36.1505,137.2544
0,GIF006,False,荘川,岐阜県,36.0334,136.9533,170,251,,,36.0302,136.9558
0,GIF007,False,高根,岐阜県,36.0378,137.4854,180,250,,,36.0347,137.4891
0,GIF008,False,小坂,岐阜県,35.9517,137.2604,176,253,,,35.9483,137.263
0,GIF009,False,白鳥,岐阜県,35.925,136.8318,166,253,,,35.9188,136.8341
0,GIF010,False,下呂,岐阜県,35.8005,137.2484,174,257,,,35.7997,137.248
0,GIF011,False,八幡,岐阜県,35.7596,136.9809,170,257,,,35.7561,136.9838
0,GIF012,False,東杉原,岐阜県,35.6364,136.4879,160,260,,,35.6333,136.4911
0,GIF013,False,金山,岐阜県,35.663,137.1618,173,261,,,35.6605,137.1647
0,GIF014,False,付知,岐阜県,35.6582,137.4253,179,260,,,35.6544,137.4288
0,GIF015,False,美濃,岐阜県,35.5456,136.9076,169,262,,,35.5422,136.9102
0,GIF016,False,七宗,岐阜県,35.5427,137.1195,173,263,,,35.5392,137.1221
0,GIF017,False,揖斐川,岐阜県,35.483,136.5713,160,264,,,35.4797,136.5743
0,GIF018,False,中津川,岐阜県,35.4955,137.4998,182,264,,,35.4855,137.503
0,GIF019,False,恵那,岐阜県,35.4492,137.4042,178,265,,,35.4463,137.4069
0,GIF020,False,岐阜,岐阜県,35.4248,136.7568,166,265,,,35.4216,136.7598
0,GIF021,False,美濃加茂,岐阜県,35.4426,136.9996,,,,,35.4394,137.003
0,GIF022,False,上石津,岐阜県,35.2836,136.473,,,,,35.2802,136.4744
0,GIF023,False,土岐,岐阜県,35.3879,137.2166,175,266,,,35.385,137.2188
0,GIF024,False,明智,岐阜県,35.3015,137.3869,178,268,,,35.2977,137.39
0,GIF025,True,板取,岐阜県,35.7234,136.7847,,,,,35.7202,136.7877
0,GIF026,False,美山,岐阜県,35.5909,136.7418,166,261,,,35.588,136.7444
0,GNM001,False,片品,群馬県,36.7719,139.2246,216,232,,,36.7691,139.228
0,GNM002,False,水上,群馬県,36.7821,138.9695,211,232,,,36.7788,138.9727
0,GNM003,False,沼田,群馬県,36.6581,139.0786,213,235,,,36.6547,139.0816
0,GNM004,False,草津,群馬県,36.6171,138.5921,203,236,,,36.6141,138.595
0,GNM005,False,嬬恋,群馬県,36.5134,138.5176,,,,,36.5102,138.5208
0,GNM006,False,吾妻,群馬県,36.5105,138.7527,206,239,,,36.5072,138.7555
0,GNM007,False,渋川,群馬県,36.4637,139.0093,211,240,,,36.4606,139.0124
0,GNM008,False,前橋,群馬県,36.3479,139.1368,214,242,,,36.3447,139.14
0,GNM009,False,桐生,群馬県,36.4105,139.3253,218,241,,,36.4075,139.3283
0,GNM010,False,館林,群馬県,36.2184,139.4808,221,247,,,36.2311,139.5363
0,GNM011,False,太田,群馬県,36.2913,139.3607,219,244,,,36.2883,139.3641
0,GNM012,False,伊勢崎,群馬県,36.3118,139.1955,,,,,36.3116,139.1956
0,GNM013,False,高崎,群馬県,36.3181,139.0174,212,244,,,36.315,139.0208
0,GNM014,False,坂本,群馬県,36.3467,138.7211,205,243,,,36.3436,138.7243
0,GNM015,False,下仁田,群馬県,36.2286,138.7578,206,247,,,36.2255,138.7611
0,GNM016,False,万場,群馬県,36.1164,138.925,,,,,36.113,138.9283
0,HKD001,False,稚内,北海道,45.4163,141.672,266,20,,,45.4141,141.6758
0,HKD002,False,宗谷岬,北海道,45.5132,141.9548,272,18,,,45.511,141.9587
0,HKD003,False,豊富,北海道,45.1033,141.7665,266,28,,,45.1008,141.7705
0,HKD004,False,上猿払,北海道,45.2149,142.226,,,,,45.2119,142.2294
0,HKD005,False,猿払,北海道,45.3329,142.1747,277,22,,,45.3306,142.1787
0,HKD006,False,浜頓別,北海道,45.1267,142.3516,279,27,,,45.1244,142.3558
0,HKD007,False,中頓別,北海道,44.9702,142.29,279,30,,,44.9675,142.2947
0,HKD008,False,枝幸,北海道,44.9375,142.5744,284,32,,,44.9352,142.5783
0,HKD009,False,歌登,北海道,44.8417,142.4811,,,,,44.8394,142.485
0,HKD010,False,風烈布,北海道,44.7406,142.7633,288,37,,,44.7383,142.7672
0,HKD011,False,東利尻,北海道,45.246,141.217,256,24,,,45.2438,141.2208
0,HKD012,False,船泊,北海道,45.4408,141.0367,253,20,,,45.4386,141.0405
0,HKD013,False,礼文,北海道,45.3049,141.0475,253,23,,,45.3027,141.0513
0,HKD014,False,沼川,北海道,45.2525,141.8531,268,23,,,45.2503,141.857
0,HKD015,False,天塩,北海道,44.8846,141.7503,267,33,,,44.8822,141.7538
0,HKD016,False,遠別,北海道,44.7199,141.795,268,36,,,44.7172,141.8322
0,HKD017,False,初山別,北海道,44.5323,141.7664,267,42,,,44.53,141.7702
0,HKD018,False,正修,北海道,44.5453,141.9653,,,,,44.543,141.9691
0,HKD019,False,羽幌,北海道,44.3611,141.6978,266,46,,,44.3588,141.7016
0,HKD020,False,港町,北海道,44.1487,141.6647,265,51,,,44.1463,141.668
0,HKD021,False,留萌,北海道,43.9407,141.637,265,56,,,43.9383,141.6408
0,HKD022,False,増毛,北海道,43.8516,141.5279,263,59,,,43.8491,141.5313
0,HKD023,False,雄冬,北海道,43.7734,141.3686,260,61,,,43.7711,141.3722
0,HKD024,False,達布,北海道,44.0494,141.8573,270,55,,,44.0466,141.8611
0,HKD025,False,中川,北海道,44.8116,142.0712,274,35,,,44.8093,142.0755
0,HKD026,False,音威子府,北海道,44.7283,142.2633,278,38,,,44.7261,142.2675
0,HKD027,False,美深,北海道,44.4806,142.3428,280,42,,,44.4783,142.3466
0,HKD028,False,名寄,北海道,44.3598,142.4547,281,46,,,44.3575,142.4586
0,HKD029,False,下川,北海道,44.3114,142.6421,285,46,,,44.3088,142.6458
0,HKD030,False,士別,北海道,44.1821,142.3942,280,51,,,44.1797,142.398
0,HKD031,False,朝日,北海道,44.1185,142.5952,284,52,,,44.1161,142.5991
0,HKD032,False,和寒,北海道,44.0235,142.4123,281,54,,,44.0211,142.4161
0,HKD033,False,愛別,北海道,43.909,142.5699,284,57,,,43.9066,142.5733
0,HKD034,False,上川,北海道,43.8543,142.7686,,,,,43.8519,142.7725
0,HKD035,False,層雲峡,北海道,43.7704,142.9033,291,61,,,43.768,142.9072
0,HKD036,False,旭川,北海道,43.7726,142.3648,280,61,,,43.7702,142.3686
0,HKD037,False,美瑛,北海道,43.5889,142.4673,282,65,,,43.5861,142.4713
0,HKD038,False,南富良野,北海道,43.1666,142.5662,284,75,,,43.1641,142.57
0,HKD039,False,富良野,北海道,43.3421,142.3845,280,72,,,43.3397,142.3883
0,HKD040,False,占冠,北海道,42.9806,142.3994,280,80,,,42.978,142.4033
0,HKD041,False,天人峡,北海道,43.6246,142.6839,286,64,,,43.6225,142.6875
0,HKD042,False,仁宇布,北海道,44.5449,142.5692,284,43,,,44.5427,142.573
0,HKD043,False,雄武,北海道,44.582,142.9644,292,41,,,44.5797,142.9683
0,HKD044,False,興部,北海道,44.4796,143.1276,295,43,,,44.4772,143.1316
0,HKD045,False,西興部,北海道,44.3288,142.9453,291,47,,,44.3263,142.9486
0,HKD046,False,滝上,北海道,44.192,143.0767,,,,,44.1891,143.0813
0,HKD047,False,紋別,北海道,44.3677,143.3454,300,46,,,44.3533,143.3577
0,HKD048,False,湧別,北海道,44.2199,143.6155,,,,,44.2175,143.6194
0,HKD049,False,遠軽,北海道,44.0921,143.5336,303,53,,,44.0897,143.5375
0,HKD050,False,白滝,北海道,43.8785,143.1747,296,58,,,43.8761,143.1786
0,HKD051,False,佐呂間,北海道,44.0187,143.7747,308,55,,,44.0161,143.7786
0,HKD052,False,常呂,北海道,44.1204,144.0712,314,52,,,44.118,144.0752
0,HKD053,False,留辺蘂,北海道,43.7849,143.6072,305,60,,,43.7825,143.6111
0,HKD054,False,北見,北海道,43.7996,143.9008,311,60,,,43.7972,143.9047
0,HKD055,False,美幌,北海道,43.8244,144.1087,315,59,,,43.8219,144.1127
0,HKD056,False,置戸,北海道,43.6705,143.5781,305,63,,,43.6683,143.5819
0,HKD057,False,津別,北海道,43.7054,144.0273,313,62,,,43.703,144.0311
0,HKD058,False,網走,北海道,44.0242,144.2637,318,54,,,44.0177,144.2769
0,HKD059,False,小清水,北海道,43.8574,144.4609,322,60,,,43.8541,144.4669
0,HKD060,False,斜里,北海道,43.9136,144.6657,326,57,,,43.9111,144.6697
0,HKD061,False,ウトロ,北海道,44.0699,144.9973,,,,,44.0675,145.0013
0,HKD062,False,富士見,北海道,43.6746,143.3088,299,63,,,43.6722,143.3127
0,HKD063,False,相泊,北海道,44.106,145.2478,338,52,,,44.1036,145.2519
0,HKD064,False,羅臼,北海道,44.0202,145.1886,336,55,,,44.0177,145.1927
0,HKD065,False,薫別,北海道,43.7938,145.0565,,,,,43.7913,145.0605
0,HKD066,False,標津,北海道,43.6619,145.1307,336,63,,,43.6594,145.1347
0,HKD067,False,中標津,北海道,43.555,144.9726,,,,,43.5525,144.9766
0,HKD068,False,上西春別,北海道,43.4108,144.7704,,,,,43.4083,144.7744
0,HKD069,False,別海,北海道,43.3941,145.1168,,,,,43.3916,145.1208
0,HKD070,False,本別海,北海道,43.3852,145.284,339,70,,,43.3827,145.288
0,HKD071,False,厚床,北海道,43.2326,145.2604,339,74,,,43.23,145.2644
0,HKD072,False,落石,北海道,43.1948,145.5209,344,75,,,43.1922,145.525
0,HKD073,False,根室,北海道,43.3327,145.6003,345,71,,,43.3302,145.6044
0,HKD074,False,納沙布,北海道,43.368,145.8026,350,71,,,43.3655,145.8067
0,HKD075,False,浜中,北海道,43.1309,145.0288,334,76,,,43.1283,145.0328
0,HKD076,False,厚岸,北海道,43.0509,144.8498,330,78,,,43.0483,144.8538
0,HKD077,False,釧路,北海道,42.9845,144.3824,321,80,,,42.9819,144.3863
0,HKD078,False,塘路,北海道,43.1488,144.4976,323,76,,,43.1461,144.5016
0,HKD079,False,標茶,北海道,43.3034,144.5998,325,72,,,43.3008,144.6036
0,HKD080,False,弟子屈,北海道,43.5077,144.4485,322,67,,,43.5052,144.4525
0,HKD081,False,川湯,北海道,43.6427,144.3901,321,64,,,43.6402,144.3941
0,HKD082,False,阿寒湖畔,北海道,43.4369,144.0855,,,,,43.4344,144.0894
0,HKD083,False,鶴居,北海道,43.2329,144.3251,320,74,,,43.2305,144.3288
0,HKD084,False,阿寒,北海道,43.1141,144.123,,,,,43.1116,144.1269
0,HKD085,False,白糠,北海道,42.9581,144.0698,315,81,,,42.9555,144.0736
0,HKD086,False,直別,北海道,42.8542,143.8579,310,83,,,42.8516,143.8618
0,HKD087,False,二股,北海道,43.1502,143.8916,,,,,43.1477,143.8955
0,HKD088,False,陸別,北海道,43.4704,143.7488,308,68,,,43.4691,143.7522
0,HKD089,False,足寄,北海道,43.2436,143.5544,304,74,,,43.2411,143.5583
0,HKD090,False,本別,北海道,43.1213,143.6183,,,,,43.1188,143.6222
0,HKD091,False,浦幌,北海道,42.8088,143.659,306,84,,,42.8061,143.6627
0,HKD092,False,池田,北海道,42.9283,143.4485,302,81,,,42.9258,143.4522
0,HKD093,False,糠平,北海道,43.3191,143.3049,299,72,,,43.3166,143.3088
0,HKD094,False,士幌,北海道,43.1692,143.241,297,75,,,43.1669,143.2447
0,HKD095,False,帯広,北海道,42.9311,143.2137,297,81,,,42.9286,143.2175
0,HKD096,False,中札内,北海道,42.6977,143.1357,295,87,,,42.695,143.1394
0,HKD097,False,生花,北海道,42.6181,143.421,,,,,42.6155,143.4247
0,HKD098,False,大樹,北海道,42.4985,143.279,299,92,,,42.4958,143.2825
0,HKD099,False,新得,北海道,43.0736,142.8392,289,78,,,43.0711,142.8433
0,HKD100,False,広尾,北海道,42.2864,143.312,299,97,,,42.2838,143.3158
0,HKD101,False,トムラウシ,北海道,43.3338,142.9473,,,,,43.3313,142.9511
0,HKD102,False,日高,北海道,42.8778,142.4481,281,83,,,42.875,142.4522
0,HKD103,False,幌毛志,北海道,42.7275,142.2973,279,85,,,42.725,142.3011
0,HKD104,False,平取,北海道,42.5886,142.131,275,90,,,42.5861,142.1347
0,HKD105,False,門別,北海道,42.4826,142.0538,273,93,,,42.48,142.058
0,HKD106,False,静内,北海道,42.3414,142.3688,280,97,,,42.3388,142.3725
0,HKD107,False,農屋,北海道,42.4194,142.4992,282,94,,,42.4169,142.503
0,HKD108,False,三石,北海道,42.2528,142.5643,284,98,,,42.2502,142.568
0,HKD109,False,浦河,北海道,42.1678,142.7673,288,100,,,42.1652,142.7711
0,HKD110,False,様似,北海道,42.131,142.9354,,,,,42.128,142.9391
0,HKD111,False,えりも,北海道,42.017,143.1487,296,104,,,42.0144,143.1525
0,HKD112,False,えりも岬,北海道,41.937,143.2403,297,106,,,41.9344,143.2441
0,HKD113,False,目黒,北海道,42.1287,143.3153,299,101,,,42.1261,143.3191
0,HKD114,False,朱鞠内,北海道,44.2829,142.1619,277,48,,,44.2783,142.165
0,HKD115,False,幌加内,北海道,44.007,142.1485,,,,,44.0047,142.1522
0,HKD116,False,沼田,北海道,43.8005,141.9343,271,61,,,43.7983,141.938
0,HKD117,False,深川,北海道,43.7241,142.0527,272,62,,,43.7219,142.0563
0,HKD118,False,滝川,北海道,43.5524,141.9175,271,65,,,43.55,141.9213
0,HKD119,False,芦別,北海道,43.5199,142.1914,276,67,,,43.5175,142.1952
0,HKD120,False,月形,北海道,43.3442,141.6633,265,71,,,43.3419,141.6672
0,HKD121,False,美唄,北海道,43.3332,141.8553,269,71,,,43.3308,141.8591
0,HKD122,False,岩見沢,北海道,43.1974,141.7754,268,75,,,43.1944,141.7791
0,HKD123,False,夕張,北海道,42.9933,142.0085,,,,,42.9908,142.0122
0,HKD124,False,由仁,北海道,42.9986,141.7903,268,80,,,42.9961,141.7941
0,HKD125,False,穂別,北海道,42.7609,142.1344,275,85,,,42.7583,142.1383
0,HKD126,False,鵡川,北海道,42.5748,141.9284,271,90,,,42.5725,141.9316
0,HKD127,False,追分,北海道,42.8743,141.8204,270,83,,,42.8716,141.8241
0,HKD128,False,早来,北海道,42.7656,141.8219,269,85,,,42.763,141.8258
0,HKD129,False,苫小牧,北海道,42.6347,141.6057,264,89,,,42.6319,141.6094
0,HKD130,False,白老,北海道,42.5626,141.3502,,,,,42.5602,141.3536
0,HKD131,False,登別,北海道,42.4206,141.0809,255,94,,,42.4186,141.085
0,HKD132,False,室蘭,北海道,42.3484,141.0318,253,96,,,42.3458,141.0355
0,HKD133,False,伊達,北海道,42.4727,140.8657,249,93,,,42.4702,140.8694
0,HKD134,False,大滝,北海道,42.6713,141.079,,,,,42.6686,141.0827
0,HKD135,False,壮瞥,北海道,42.5533,140.8864,251,91,,,42.5508,140.8902
0,HKD136,False,豊浦,北海道,42.5901,140.6441,245,90,,,42.5869,140.6472
0,HKD137,False,余別,北海道,43.3236,140.3791,239,72,,,43.3211,140.3827
0,HKD138,False,積丹,北海道,43.2923,140.6013,244,72,,,43.2897,140.605
0,HKD139,False,余市,北海道,43.1975,140.7819,247,75,,,43.195,140.7855
0,HKD140,False,小樽,北海道,43.1908,140.9933,252,75,,,43.1883,140.9972
0,HKD141,False,神恵内,北海道,43.1449,140.4355,240,76,,,43.1425,140.4391
0,HKD142,False,赤井川,北海道,43.0841,140.8202,,,,,43.0822,140.8236
0,HKD143,False,岩内,北海道,42.9793,140.5093,242,80,,,42.9769,140.513
0,HKD144,False,倶知安,北海道,42.9059,140.767,246,82,,,42.9033,140.7708
0,HKD145,False,喜茂別,北海道,42.7978,140.9361,,,,,42.7952,140.94
0,HKD146,False,ニセコ,北海道,42.8076,140.6878,246,84,,,42.8053,140.6913
0,HKD147,False,蘭越,北海道,42.8056,140.5305,243,84,,,42.8027,140.5338
0,HKD148,False,黒松内,北海道,42.668,140.305,238,88,,,42.6654,140.3085
0,HKD149,False,寿都,北海道,42.7905,140.2305,238,85,,,42.788,140.2341
0,HKD150,False,島牧,北海道,42.701,140.0619,233,87,,,42.6986,140.0652
0,HKD151,False,長万部,北海道,42.4948,140.3539,239,92,,,42.4919,140.3575
0,HKD152,False,八雲,北海道,42.2586,140.2638,237,98,,,42.2561,140.2672
0,HKD153,False,上の湯,北海道,42.1245,140.3755,239,101,,,42.1219,140.3794
0,HKD154,False,森,北海道,42.0965,140.5636,243,102,,,42.0938,140.5669
0,HKD155,False,鹿部,北海道,42.0438,140.8064,248,103,,,42.0411,140.81
0,HKD156,False,七飯,北海道,41.8996,140.696,246,107,,,41.8969,140.6994
0,HKD157,False,南茅部,北海道,41.9053,140.9698,251,106,,,41.9025,140.9733
0,HKD158,False,椴法華,北海道,41.8349,141.1408,255,108,,,41.8319,141.1447
0,HKD159,False,戸井,北海道,41.716,141.0046,252,111,,,41.7136,141.0061
0,HKD160,False,函館,北海道,41.77,140.7383,247,110,,,41.7675,140.7419
0,HKD161,False,木古内,北海道,41.68,140.4329,240,112,,,41.6774,140.4364
0,HKD162,False,福島,北海道,41.4859,140.2469,237,117,,,41.4836,140.2505
0,HKD163,False,松前,北海道,41.4338,140.1117,234,118,,,41.4313,140.115
0,HKD164,False,瀬棚,北海道,42.4502,139.8533,229,93,,,42.4477,139.8572
0,HKD165,False,今金,北海道,42.4287,140.0178,232,94,,,42.4261,140.0211
0,HKD166,False,大成,北海道,42.2286,139.8186,228,98,,,42.2261,139.8219
0,HKD167,False,熊石,北海道,42.1297,139.9813,230,101,,,42.1272,139.985
0,HKD168,False,江差,北海道,41.8691,140.1266,234,107,,,41.8666,140.1305
0,HKD169,False,木間内,北海道,41.9351,140.3678,239,106,,,41.9327,140.373
0,HKD170,False,湯ノ岱,北海道,41.7495,140.251,237,110,,,41.7466,140.2547
0,HKD171,False,小砂子,北海道,41.649,139.9979,231,113,,,41.6461,140.0011
0,HKD172,False,稲穂,北海道,42.2402,139.5519,222,98,,,42.2372,139.5555
0,HKD173,False,青苗,北海道,42.0662,139.4515,220,102,,,42.0636,139.455
0,HKD174,False,北島歌,北海道,42.595,139.8286,228,89,,,42.5925,139.8322
0,HKD175,False,浜益,北海道,43.6015,141.3882,260,65,,,43.5991,141.3919
0,HKD176,False,四番川,北海道,43.5324,141.5924,264,66,,,43.53,141.5961
0,HKD177,False,厚田,北海道,43.4001,141.4346,261,70,,,43.3977,141.4383
0,HKD178,False,石狩,北海道,43.172,141.3043,258,74,,,43.1697,141.3083
0,HKD179,False,当別,北海道,43.2236,141.5175,262,74,,,43.2213,141.5208
0,HKD180,False,札幌,北海道,43.1391,141.3513,260,77,,,43.1366,141.355
0,HKD181,False,江別,北海道,43.1161,141.5462,263,77,,,43.1137,141.5499
0,HKD182,False,広島,北海道,42.9721,141.5161,262,80,,,42.99,141.5561
0,HKD183,False,定山渓,北海道,42.9714,141.1779,255,80,,,42.9697,141.1688
0,HKD184,False,千歳,北海道,42.7898,141.6008,264,85,,,42.7875,141.6047
0,HKD185,False,支笏湖畔,北海道,42.7756,141.4016,260,85,,,42.773,141.4058
0,HRS001,False,高野,広島県,35.0339,132.9018,87,275,,,35.0305,132.9044
0,HRS002,False,東城,広島県,34.8951,133.2753,95,278,,,34.8919,133.2781
0,HRS003,False,三次,広島県,34.8138,132.8427,86,280,,,34.8111,132.8444
0,HRS004,False,芸北,広島県,34.7263,132.2773,74,283,,,34.723,132.2797
0,HRS005,False,油木,広島県,34.7774,133.2803,95,281,,,34.7738,133.2833
0,HRS006,False,豊平,広島県,34.6666,132.408,77,284,,,34.6627,132.4102
0,HRS007,False,甲奴,広島県,34.7029,133.0886,91,283,,,34.7,133.0972
0,HRS008,False,向原,広島県,34.6029,132.7201,83,286,,,34.5997,132.7227
0,HRS009,False,湯来,広島県,34.4927,132.2802,74,288,,,34.4894,132.2819
0,HRS010,False,世羅,広島県,34.5834,133.0515,90,286,,,34.5836,133.0514
0,HRS011,False,府中,広島県,34.5686,133.2364,94,286,,,34.5654,133.239
0,HRS012,False,東広島,広島県,34.4274,132.7422,83,290,,,34.4244,132.7447
0,HRS013,False,広島,広島県,34.3768,132.4502,78,292,,,34.3736,132.453
0,HRS014,False,大野,広島県,34.2864,132.2765,74,293,,,34.2836,132.2791
0,HRS015,False,福山,広島県,34.4852,133.3619,96,289,,,34.4816,133.3641
0,HRS016,False,尾道,広島県,34.4201,133.1979,94,289,,,34.4166,133.1997
0,HRS017,False,三原,広島県,34.4037,133.0838,,,,,34.4008,133.0858
0,HRS018,False,竹原,広島県,34.3413,132.9069,87,292,,,34.338,132.9094
0,HRS019,False,呉,広島県,34.253,132.5617,80,294,,,34.2497,132.5642
0,HRS020,False,因島,広島県,34.2936,133.1776,93,294,,,34.2903,133.1802
0,HRS021,False,西城,広島県,34.9413,133.1185,91,277,,,34.9497,133.1197
0,HYG001,False,浜坂,兵庫県,35.6197,134.4506,119,261,,,35.6163,134.4527
0,HYG002,False,香住,兵庫県,35.6394,134.628,121,259,,,35.638,134.6311
0,HYG003,False,出石,兵庫県,35.4613,134.8758,,,,,35.4583,134.8786
0,HYG004,False,村岡,兵庫県,35.4583,134.5782,121,266,,,35.455,134.5775
0,HYG005,False,和田山,兵庫県,35.3408,134.8616,126,268,,,35.3375,134.8647
0,HYG006,False,大屋,兵庫県,35.3329,134.6649,123,268,,,35.3294,134.668
0,HYG007,False,波賀,兵庫県,35.1638,134.5458,121,272,,,35.1605,134.5486
0,HYG008,False,生野,兵庫県,35.1487,134.788,125,272,,,35.145,134.7908
0,HYG009,False,黒井,兵庫県,35.1699,135.1025,132,272,,,35.1658,135.1069
0,HYG010,False,丹南,兵庫県,35.0592,135.1776,133,274,,,35.0561,135.1805
0,HYG011,False,上月,兵庫県,34.985,134.3226,116,276,,,34.9816,134.3255
0,HYG012,False,山崎,兵庫県,34.9958,134.5523,121,275,,,34.9927,134.5547
0,HYG013,False,市川,兵庫県,34.9895,134.7636,125,276,,,34.9858,134.7661
0,HYG014,False,西脇,兵庫県,35.0019,134.9994,130,276,,,34.9991,135.0027
0,HYG015,False,三田,兵庫県,34.9499,135.2714,135,277,,,34.9483,135.2741
0,HYG016,False,赤穂,兵庫県,34.7553,134.39,117,283,,,34.7519,134.3927
0,HYG017,False,龍野,兵庫県,34.8591,134.5446,121,279,,,34.8561,134.5472
0,HYG018,False,姫路,兵庫県,34.8145,134.6871,123,280,,,34.8111,134.6897
0,HYG019,False,加古川,兵庫県,34.8321,134.8234,,,,,34.8288,134.8263
0,HYG020,False,三木,兵庫県,34.7974,134.9889,130,281,,,34.7944,134.9927
0,HYG021,False,神戸,兵庫県,34.6904,135.1591,133,283,,,34.6866,135.1611
0,HYG022,False,西宮,兵庫県,34.7463,135.3501,136,282,,,34.743,135.3527
0,HYG023,False,明石,兵庫県,34.7012,134.8803,127,283,,,34.6411,135.0027
0,HYG024,False,東浦,兵庫県,34.533,134.9904,130,287,,,34.5297,134.9932
0,HYG025,False,洲本,兵庫県,34.3389,134.9011,128,292,,,34.3372,134.9041
0,HYG026,False,五色,兵庫県,34.4147,134.7914,126,290,,,34.4116,134.7952
0,HYG027,False,南淡,兵庫県,34.2496,134.7292,124,294,,,34.2466,134.7319
0,IBR001,False,大子,茨城県,36.7763,140.3582,239,233,,,36.773,140.3602
0,IBR002,False,高萩,茨城県,36.7126,140.7073,246,234,,,36.703,140.7102
0,IBR003,False,日立,茨城県,36.5914,140.6453,245,237,,,36.5883,140.6486
0,IBR004,False,大宮,茨城県,36.5516,140.4102,241,238,,,36.5485,140.4135
0,IBR005,False,笠間,茨城県,36.3851,140.2373,236,242,,,36.3819,140.2405
0,IBR006,False,水戸,茨城県,36.3665,140.4543,241,242,,,36.3633,140.4576
0,IBR007,False,那珂湊,茨城県,36.3526,140.5954,244,244,,,36.3491,140.5988
0,IBR008,False,下館,茨城県,36.3061,139.9826,231,244,,,36.303,139.9861
0,IBR009,False,古河,茨城県,36.185,139.7037,225,247,,,36.1816,139.7069
0,IBR010,False,下妻,茨城県,36.1844,139.9652,231,247,,,36.1811,139.9686
0,IBR011,False,つくば,茨城県,36.1256,140.0901,233,248,,,36.1219,140.0936
0,IBR012,False,石岡,茨城県,36.1954,140.2713,237,247,,,36.1922,140.2746
0,IBR013,False,鉾田,茨城県,36.1587,140.4892,241,247,,,36.1555,140.4925
0,IBR014,False,土浦,茨城県,36.0729,140.1948,235,250,,,36.0697,140.198
0,IBR015,False,岩井,茨城県,36.0698,139.9082,229,250,,,36.0661,139.9113
0,IBR016,False,取手,茨城県,35.9114,140.0494,233,254,,,35.908,140.0527
0,IBR017,False,江戸崎,茨城県,35.9538,140.3196,,,,,35.9505,140.3227
0,IBR018,False,鹿嶋,茨城県,35.9766,140.6306,244,252,,,35.9738,140.6355
0,IBR019,True,北茨城,茨城県,36.8808,140.6544,,,,,36.8777,140.6578
0,ISK001,False,大谷,石川県,37.5,137.1767,174,215,,,37.4969,137.1794
0,ISK002,False,正院,石川県,37.4473,137.2877,176,216,,,37.4413,137.2908
0,ISK003,False,輪島,石川県,37.3924,136.9078,169,217,,,37.3889,136.9113
0,ISK004,False,能都,石川県,37.308,137.1471,173,219,,,37.305,137.15
0,ISK005,False,穴水,石川県,37.2309,136.9041,168,221,,,37.2277,136.9069
0,ISK006,False,富来,石川県,37.1603,136.6896,163,223,,,37.1572,136.6927
0,ISK007,False,七尾,石川県,37.0426,136.968,170,226,,,37.0397,136.9711
0,ISK008,False,羽咋,石川県,36.8938,136.7783,166,229,,,36.8888,136.7813
0,ISK009,False,七塚,石川県,36.7334,136.7025,164,233,,,36.7304,136.7055
0,ISK010,False,金沢,石川県,36.5421,136.6435,163,237,,,36.5388,136.6461
0,ISK011,False,小松,石川県,36.3976,136.4409,159,242,,,36.3936,136.4461
0,ISK012,False,鳥越,石川県,36.3579,136.6049,162,243,,,36.3544,136.6075
0,ISK013,False,白峰,石川県,36.1804,136.6246,163,247,,,36.1774,136.6276
0,ISK014,False,加賀,石川県,36.3031,136.3154,157,244,,,36.2997,136.3183
0,ISK015,False,大町,石川県,37.2265,136.9087,,,,,37.2235,136.9117
0,IWT001,False,種市,岩手県,40.4101,141.7193,267,143,,,40.4072,141.7227
0,IWT002,False,久慈,岩手県,40.182,141.7643,266,149,,,40.1791,141.7677
0,IWT003,False,普代,岩手県,40.0083,141.8885,270,153,,,40.0055,141.8897
0,IWT004,False,田老,岩手県,39.7356,141.9671,273,160,,,39.7329,141.9707
0,IWT005,False,宮古,岩手県,39.6478,141.9465,271,162,,,39.6444,141.95
0,IWT006,False,山田,岩手県,39.485,141.9748,273,166,,,39.4821,141.9784
0,IWT007,False,釜石,岩手県,39.2699,141.8567,,,,,39.2672,141.8597
0,IWT008,False,大船渡,岩手県,39.0815,141.7093,266,175,,,39.0786,141.7119
0,IWT009,False,大東,岩手県,39.019,141.4053,260,177,,,39.0158,141.4066
0,IWT010,False,一関,岩手県,38.9346,141.1264,254,179,,,38.9317,141.1298
0,IWT011,False,水沢,岩手県,39.1453,141.1527,255,174,,,39.1425,141.1555
0,IWT012,False,北上,岩手県,39.3206,141.1388,255,170,,,39.318,141.1413
0,IWT013,False,遠野,岩手県,39.329,141.5638,263,170,,,39.3262,141.5672
0,IWT014,False,石鳥谷,岩手県,39.4846,141.1466,255,166,,,39.4816,141.1505
0,IWT015,False,川尻,岩手県,39.3183,140.7794,248,170,,,39.3152,140.7827
0,IWT016,False,川井,岩手県,39.6,141.679,266,163,,,39.5969,141.6825
0,IWT017,False,門馬,岩手県,39.6339,141.4379,260,163,,,39.6308,141.4411
0,IWT018,False,盛岡,岩手県,39.6954,141.1477,255,161,,,39.6925,141.1513
0,IWT019,False,岩泉,岩手県,39.803,141.6584,,,,,39.8002,141.662
0,IWT020,False,藪川,岩手県,39.7844,141.3296,259,159,,,39.7813,141.333
0,IWT021,False,西根,岩手県,39.9203,141.0822,254,155,,,39.9175,141.0855
0,IWT022,False,安代,岩手県,40.1009,141.0528,253,151,,,40.0983,141.0558
0,IWT023,False,葛巻,岩手県,40.037,141.4501,261,152,,,40.0338,141.4538
0,IWT024,False,二戸,岩手県,40.2612,141.2908,257,147,,,40.2585,141.2944
0,IWT025,False,大志田,岩手県,39.5169,140.8299,248,165,,,39.5141,140.8336
0,IWT026,False,相去,岩手県,39.2569,141.0983,254,172,,,39.254,141.1018
0,KGS001,False,東,鹿児島県,32.1947,130.1763,32,345,,,32.1913,130.1786
0,KGS002,False,出水,鹿児島県,32.0916,130.3519,35,347,,,32.0882,130.3542
0,KGS003,False,大口,鹿児島県,32.0559,130.5874,40,348,,,32.0525,130.5897
0,KGS004,False,阿久根,鹿児島県,32.0145,130.1927,32,348,,,32.0111,130.195
0,KGS005,False,宮之城,鹿児島県,31.9006,130.4513,,,,,31.8972,130.4536
0,KGS006,False,横川,鹿児島県,31.906,130.7021,42,352,,,31.9025,130.7044
0,KGS007,False,川内,鹿児島県,31.8143,130.3032,,,,,31.8108,130.3055
0,KGS008,False,蒲生,鹿児島県,31.7638,130.5659,40,354,,,31.7586,130.5722
0,KGS009,False,国分,鹿児島県,31.7368,130.7613,44,356,,,31.7333,130.7636
0,KGS010,False,串木野,鹿児島県,31.7123,130.2735,34,357,,,31.7088,130.2758
0,KGS011,False,日吉,鹿児島県,31.5896,130.349,35,360,,,31.5861,130.3513
0,KGS012,False,鹿児島,鹿児島県,31.6057,130.574,40,359,,,31.6022,130.5763
0,KGS013,False,大隅,鹿児島県,31.5973,130.9938,48,358,,,31.5938,130.9961
0,KGS014,False,垂水,鹿児島県,31.4963,130.6994,42,362,,,31.4925,130.7022
0,KGS015,False,大崎,鹿児島県,31.4308,131.0109,49,363,,,31.4269,131.0133
0,KGS016,False,加世田,鹿児島県,31.4162,130.3225,35,364,,,31.4127,130.3247
0,KGS017,False,鹿屋,鹿児島県,31.3954,130.8702,47,365,,,31.3919,130.8725
0,KGS018,False,喜入,鹿児島県,31.3757,130.5449,39,365,,,31.3722,130.5472
0,KGS019,False,枕崎,鹿児島県,31.2776,130.3008,34,367,,,31.2741,130.303
0,KGS020,False,頴娃,鹿児島県,31.2396,130.4915,38,368,,,31.2361,130.4938
0,KGS021,False,指宿,鹿児島県,31.2535,130.6324,41,367,,,31.25,130.6347
0,KGS022,False,内之浦,鹿児島県,31.2804,131.0504,48,367,,,31.2769,131.0527
0,KGS023,False,田代,鹿児島県,31.199,130.849,45,369,,,31.1955,130.8513
0,KGS024,False,佐多,鹿児島県,31.0888,130.6982,,,,,31.0852,130.7005
0,KGS025,False,西之表,鹿児島県,30.7319,130.9977,48,381,,,30.7283,131
0,KGS026,False,中種子,鹿児島県,30.5199,130.9553,47,386,,,30.5166,130.9566
0,KGS027,False,門倉崎,鹿児島県,30.3488,130.8829,46,390,,,30.3452,130.8852
0,KGS028,False,上屋久,鹿児島県,30.4204,130.5771,40,388,,,30.4168,130.5793
0,KGS029,False,屋久,鹿児島県,30.2363,130.5553,39,393,,,30.2327,130.5575
0,KGS030,False,笠利,鹿児島県,28.451,129.6784,146,88,,,28.4472,129.6805
0,KGS031,False,大和,鹿児島県,28.3553,129.3924,140,90,,,28.3517,129.3947
0,KGS032,False,瀬戸内,鹿児島県,28.1388,129.3206,138,96,,,28.135,129.3227
0,KGS033,False,伊仙,鹿児島県,27.6883,128.9421,130,108,,,27.6844,128.9447
0,KGS034,False,知名,鹿児島県,27.334,128.5743,123,116,,,27.3302,128.5763
0,KGS035,False,与論,鹿児島県,27.0522,128.4241,120,122,,,27.0483,128.4261
0,KGS036,False,上甑,鹿児島県,31.836,129.8678,25,354,,,31.8325,129.87
0,KGS037,False,下甑,鹿児島県,31.639,129.7078,22,358,,,31.6355,129.71
0,KGW001,False,土庄,香川県,34.5452,134.2804,115,287,,,34.542,134.2831
0,KGW002,False,内海,香川県,34.4724,134.3142,,,,,34.4694,134.3166
0,KGW003,False,丸亀,香川県,34.2644,133.7896,105,294,,,34.2611,133.7922
0,KGW004,False,高松,香川県,34.3473,134.0375,110,292,,,34.344,134.0401
0,KGW005,False,観音寺,香川県,34.1139,133.6353,102,298,,,34.1105,133.638
0,KGW006,False,長尾,香川県,34.2499,134.1856,114,294,,,34.2463,134.1883
0,KGW007,False,引田,香川県,34.213,134.4133,118,295,,,34.2097,134.416
0,KGW008,False,琴南,香川県,34.1645,133.9241,108,297,,,34.1611,133.9269
0,KMM001,False,小国,熊本県,33.1211,131.0689,,,,,33.1175,131.0711
0,KMM002,False,山鹿,熊本県,33.0189,130.6846,42,324,,,33.0152,130.6869
0,KMM003,False,玉名,熊本県,32.9335,130.5477,39,327,,,32.9302,130.55
0,KMM004,False,一の宮,熊本県,32.9318,131.1203,51,327,,,32.9286,131.1238
0,KMM005,False,大津,熊本県,32.8761,130.8771,46,328,,,32.8727,130.8797
0,KMM006,False,熊本,熊本県,32.7934,130.7772,43,330,,,32.79,130.7795
0,KMM007,False,高森,熊本県,32.8268,131.1224,52,329,,,32.8233,131.125
0,KMM008,False,宇土,熊本県,32.6875,130.6598,41,333,,,32.6841,130.6621
0,KMM009,False,矢部,熊本県,32.6864,130.9886,47,332,,,32.683,130.991
0,KMM010,False,三角,熊本県,32.6134,130.4873,37,334,,,32.6102,130.4897
0,KMM011,False,砥用,熊本県,32.6166,130.8635,46,334,,,32.6133,130.8675
0,KMM012,False,八代,熊本県,32.5099,130.5908,40,337,,,32.5065,130.5931
0,KMM013,False,田浦,熊本県,32.3644,130.5089,38,341,,,32.3616,130.5122
0,KMM014,False,五木,熊本県,32.3961,130.8273,45,340,,,32.3927,130.8291
0,KMM015,False,水俣,熊本県,32.2161,130.4059,36,343,,,32.2127,130.4069
0,KMM016,False,人吉,熊本県,32.1965,130.7757,44,346,,,32.1931,130.778
0,KMM017,False,多良木,熊本県,32.2567,130.9245,47,342,,,32.2527,130.928
0,KMM018,False,龍ヶ岳,熊本県,32.3941,130.3898,36,340,,,32.3908,130.3908
0,KMM019,False,本渡,熊本県,32.4548,130.1807,32,338,,,32.4514,130.183
0,KMM020,False,新和,熊本県,32.3636,130.1807,32,340,,,32.3602,130.183
0,KMM021,False,天草,熊本県,32.3793,129.9996,28,340,,,32.3759,130.002
0,KMM022,False,牛深,熊本県,32.1945,130.027,28,345,,,32.1911,130.0288
0,KNG001,False,川崎,神奈川県,35.5291,139.7061,226,263,,,35.5258,139.7094
0,KNG002,False,横浜,神奈川県,35.4372,139.6334,224,265,,,35.4338,139.6372
0,KNG003,False,横須賀,神奈川県,35.2731,139.6582,226,269,,,35.2694,139.6611
0,KNG004,False,三崎,神奈川県,35.1442,139.6223,224,272,,,35.1408,139.625
0,KNG005,False,鎌倉,神奈川県,35.3191,139.5461,222,268,,,35.3159,139.5494
0,KNG006,False,二俣川,神奈川県,35.4541,139.5391,221,266,,,35.4511,139.5419
0,KNG007,False,藤沢,神奈川県,35.3382,139.4926,220,268,,,35.3349,139.4958
0,KNG008,False,相模原,神奈川県,35.5749,139.3262,218,262,,,35.5719,139.3297
0,KNG009,False,厚木,神奈川県,35.4425,139.3621,219,264,,,35.4391,139.365
0,KNG010,False,平塚,神奈川県,35.3339,139.3446,218,268,,,35.3306,139.3478
0,KNG011,False,藤野,神奈川県,35.6151,139.1554,214,262,,,35.6122,139.158
0,KNG012,False,秦野,神奈川県,35.3793,139.2044,216,267,,,35.3761,139.208
0,KNG013,False,小田原,神奈川県,35.2642,139.1521,214,269,,,35.2608,139.1552
0,KNG014,False,山北,神奈川県,35.3609,139.0828,,,,,35.3575,139.0858
0,KNG201,False,平塚ST1,-,34.5956,139.9183,230,286,,,34.5922,139.9215
0,KNG202,False,平塚ST2,-,34.7396,139.8393,228,282,,,34.7363,139.8425
0,KNG203,False,平塚ST3,-,34.7983,139.6435,224,281,,,34.795,139.6467
0,KNG204,False,平塚ST4,-,34.8931,139.5711,223,279,,,34.8898,139.5743
0,KNG205,False,平塚ST5,-,34.9413,139.4213,220,277,,,34.938,139.4245
0,KNG206,False,平塚ST6,-,35.0966,139.3778,219,274,,,35.0933,139.381
0,KOC001,False,東洋,高知県,33.5277,134.2808,115,312,,,33.5241,134.2841
0,KOC002,False,室戸,高知県,33.2946,134.1666,,,,,33.2869,134.1708
0,KOC003,False,安芸,高知県,33.5014,133.9071,108,313,,,33.498,133.9094
0,KOC004,False,物部,高知県,33.6975,133.8764,108,308,,,33.6941,133.8797
0,KOC005,False,土佐山田,高知県,33.5929,133.6923,103,310,,,33.59,133.6947
0,KOC006,False,土佐,高知県,33.4943,133.4166,98,314,,,33.4911,133.4191
0,KOC007,False,高知,高知県,33.5612,133.5273,100,311,,,33.5577,133.5297
0,KOC008,False,本川,高知県,33.7758,133.3467,96,306,,,33.7725,133.3491
0,KOC009,False,吾川,高知県,33.5736,133.172,93,311,,,33.5708,133.1744
0,KOC010,False,須崎,高知県,33.3929,133.2852,,,,,33.3891,133.2922
0,KOC011,False,檮原,高知県,33.3982,132.8962,87,315,,,33.3948,132.8987
0,KOC012,False,大正,高知県,33.1976,132.9758,89,320,,,33.1933,132.9783
0,KOC013,False,佐賀,高知県,33.0797,133.1023,91,323,,,33.0763,133.1041
0,KOC014,False,中村,高知県,32.9897,132.9403,88,325,,,32.9861,132.9402
0,KOC015,False,宿毛,高知県,32.9393,132.7258,83,326,,,32.9336,132.7277
0,KOC016,False,土佐清水,高知県,32.7359,132.9754,90,332,,,32.7325,132.9779
0,KOC017,False,大豊,高知県,33.7844,133.7298,104,306,,,33.7811,133.7324
0,KYT001,False,丹後,京都府,35.7404,135.1019,132,257,,,35.7375,135.105
0,KYT002,False,久美浜,京都府,35.6038,134.8945,128,261,,,35.6005,134.8969
0,KYT003,False,伊根,京都府,35.6762,135.2927,137,259,,,35.6736,135.2947
0,KYT004,False,宮津,京都府,35.5356,135.1959,135,263,,,35.5322,135.1988
0,KYT005,False,舞鶴,京都府,35.4756,135.3893,137,264,,,35.4727,135.3919
0,KYT006,False,福知山,京都府,35.2766,135.182,134,269,,,35.2727,135.1855
0,KYT007,False,芦生,京都府,35.3063,135.712,,,,,35.3025,135.7158
0,KYT008,False,本庄,京都府,35.261,135.3967,137,269,,,35.258,135.3994
0,KYT009,False,日吉,京都府,35.1639,135.5017,140,272,,,35.1605,135.5044
0,KYT010,True,大布施,京都府,35.2098,135.7738,,,,,35.2066,135.7766
0,KYT011,False,亀岡,京都府,35.0171,135.5637,142,275,,,35.0138,135.5666
0,KYT012,False,京都,京都府,34.9977,135.8177,147,275,,,34.993,135.8216
0,KYT013,False,宇治,京都府,34.8784,135.8046,147,279,,,34.8752,135.8075
0,KYT014,False,南山城,京都府,34.7731,135.9921,150,281,,,34.77,135.995
0,KYT015,False,広河原,京都府,35.2496,135.7667,145,270,,,35.2465,135.7695
0,MIE001,False,藤原,三重県,35.1719,136.4948,160,272,,,35.1686,136.4972
0,MIE002,False,菰野,三重県,35.0283,136.5069,160,274,,,35.0247,136.5102
0,MIE003,False,四日市,三重県,34.9708,136.6356,163,277,,,34.9672,136.6386
0,MIE004,False,亀山,三重県,34.8568,136.4489,159,278,,,34.8536,136.4522
0,MIE005,False,上野,三重県,34.7679,136.1149,152,282,,,34.7644,136.118
0,MIE006,False,津,三重県,34.7178,136.5039,160,283,,,34.7145,136.5068
0,MIE007,False,白山,三重県,34.6398,136.3399,157,285,,,34.6402,136.3394
0,MIE008,False,名張,三重県,34.6291,136.1074,153,285,,,34.6252,136.1102
0,MIE009,False,松阪,三重県,34.5752,136.5296,162,285,,,34.5719,136.5325
0,MIE010,False,伊勢,三重県,34.4909,136.7331,165,288,,,34.4875,136.7363
0,MIE011,False,飯高,三重県,34.4284,136.3328,157,290,,,34.425,136.3358
0,MIE012,False,志摩,三重県,34.2544,136.8229,,,,,34.2511,136.8261
0,MIE013,False,南島,三重県,34.2778,136.4993,160,294,,,34.2744,136.5025
0,MIE014,False,尾鷲,三重県,34.0636,136.1689,,,,,34.0605,136.1716
0,MIE015,False,熊野,三重県,33.8788,136.0816,152,303,,,33.875,136.085
0,MIE016,False,紀和,三重県,33.8764,135.9191,148,303,,,33.873,135.9216
0,MIE017,False,宮川,三重県,34.3628,136.3358,,,,,34.3591,136.3377
0,MIE018,False,椿世,三重県,34.8701,136.4546,,,,,34.867,136.4575
0,MYG001,False,気仙沼,宮城県,38.9017,141.5709,263,180,,,38.8986,141.5719
0,MYG002,False,歌津,宮城県,38.7261,141.511,262,184,,,38.7233,141.5144
0,MYG003,False,東和,宮城県,38.7349,141.3116,257,185,,,38.7319,141.3141
0,MYG004,False,築館,宮城県,38.7324,141.027,252,184,,,38.7295,141.0306
0,MYG005,False,鳴子,宮城県,38.7989,140.6512,245,183,,,38.7963,140.6541
0,MYG006,False,古川,宮城県,38.566,140.9767,251,188,,,38.5631,140.9802
0,MYG007,False,豊里,宮城県,38.5877,141.251,257,188,,,38.5847,141.2545
0,MYG008,False,北上,宮城県,38.5676,141.4267,261,188,,,38.5647,141.4301
0,MYG009,False,大和,宮城県,38.4466,140.8871,250,191,,,38.4436,140.8908
0,MYG010,False,石巻,宮城県,38.4292,141.2819,258,192,,,38.4262,141.2853
0,MYG011,False,牡鹿,宮城県,38.302,141.5079,262,195,,,38.3022,141.5079
0,MYG012,False,塩竈,宮城県,38.3288,141.0128,253,194,,,38.3258,141.0163
0,MYG013,False,仙台,宮城県,38.2661,140.9286,250,196,,,38.2633,140.9327
0,MYG014,False,作並,宮城県,38.3173,140.6362,244,194,,,38.3147,140.6391
0,MYG015,False,岩沼,宮城県,38.1037,140.8708,249,201,,,38.1019,140.8733
0,MYG016,False,白石,宮城県,38.0079,140.6212,,,,,38.0055,140.6244
0,MYG017,False,角田,宮城県,37.976,140.7822,247,203,,,37.9733,140.7852
0,MYG018,False,伊里前,宮城県,38.7194,141.5228,264,185,,,38.7165,141.5263
0,MYG019,False,鳴子温泉,宮城県,38.7513,140.7226,246,185,,,38.7484,140.726
0,MYZ001,False,高千穂,宮崎県,32.705,131.3086,55,332,,,32.7016,131.3113
0,MYZ002,False,北川,宮崎県,32.6978,131.6833,,,,,32.6944,131.6855
0,MYZ003,False,延岡,宮崎県,32.5659,131.6602,62,335,,,32.5625,131.6622
0,MYZ004,False,南郷,宮崎県,32.3888,131.3338,56,340,,,32.3855,131.3363
0,MYZ005,False,日向,宮崎県,32.4286,131.6009,62,339,,,32.4252,131.6033
0,MYZ006,False,都農,宮崎県,32.2564,131.5609,61,343,,,32.253,131.5633
0,MYZ007,False,西米良,宮崎県,32.2351,131.1155,50,344,,,32.2319,131.1182
0,MYZ008,False,西都,宮崎県,32.1056,131.3931,56,347,,,32.1025,131.3952
0,MYZ009,False,えびの,宮崎県,32.0461,130.8115,45,348,,,32.0427,130.8133
0,MYZ010,False,小林,宮崎県,31.9968,130.9722,48,350,,,31.9933,130.9745
0,MYZ011,False,綾,宮崎県,31.9951,131.2559,54,351,,,31.9916,131.258
0,MYZ012,False,高崎,宮崎県,31.8723,131.0684,,,,,31.8688,131.0708
0,MYZ013,False,宮崎,宮崎県,31.9086,131.4188,57,352,,,31.9052,131.4211
0,MYZ014,False,田野,宮崎県,31.8457,131.307,55,353,,,31.8419,131.305
0,MYZ015,False,都城,宮崎県,31.7182,131.0624,,,,,31.715,131.0644
0,MYZ016,False,日南,宮崎県,31.6131,131.3745,56,358,,,31.6094,131.3766
0,MYZ017,False,串間,宮崎県,31.4639,131.2281,53,363,,,31.4602,131.23
0,MYZ018,False,都井岬,宮崎県,31.3987,131.3054,55,364,,,31.395,131.3075
0,MYZ019,False,北郷,宮崎県,32.5008,131.4444,57,337,,,32.4972,131.4468
0,MYZ020,False,椎葉,宮崎県,32.4557,131.1472,52,338,,,32.4516,131.1494
0,NAR001,False,生駒,奈良県,34.7153,135.7276,145,284,,,34.7122,135.73
0,NAR002,False,奈良,奈良県,34.6682,135.8353,147,284,,,34.665,135.838
0,NAR003,False,大和高田,奈良県,34.5171,135.7171,145,289,,,34.5136,135.7219
0,NAR004,False,榛原,奈良県,34.5277,135.9511,148,288,,,34.5247,135.954
0,NAR005,False,五條,奈良県,34.3414,135.6844,144,292,,,34.3375,135.6911
0,NAR006,False,川上,奈良県,34.3384,135.9545,149,291,,,34.335,135.9569
0,NAR007,False,大塔,奈良県,34.2214,135.7368,145,295,,,34.218,135.7397
0,NAR008,False,上北山,奈良県,34.1369,136.0063,150,297,,,34.1319,136.0075
0,NAR009,False,十津川,奈良県,33.9396,135.753,145,302,,,33.9347,135.758
0,NGN001,False,飯山,長野県,36.8513,138.3657,198,230,,,36.8483,138.3691
0,NGN002,False,信濃,長野県,36.8068,138.2069,195,232,,,36.8038,138.21
0,NGN003,False,山ノ内,長野県,36.74,138.4137,200,233,,,36.7372,138.4161
0,NGN004,False,長野,長野県,36.6475,138.1941,195,235,,,36.6455,138.1969
0,NGN005,False,白馬,長野県,36.6987,137.863,,,,,36.695,137.8575
0,NGN006,False,大町,長野県,36.5084,137.8514,188,240,,,36.5055,137.8538
0,NGN007,False,杭瀬下,長野県,36.5344,138.1188,194,238,,,36.5308,138.1222
0,NGN008,False,上田,長野県,36.4018,138.2483,196,241,,,36.3987,138.2513
0,NGN009,False,穂高,長野県,36.3371,137.8718,189,243,,,36.3347,137.8725
0,NGN010,False,小諸,長野県,36.3282,138.4349,199,243,,,36.325,138.4388
0,NGN011,False,長門,長野県,36.2718,138.2584,196,246,,,36.2533,138.27
0,NGN012,False,松本,長野県,36.2571,137.9796,189,245,,,36.2533,137.9816
0,NGN013,False,安曇,長野県,36.1827,137.785,186,247,,,36.1802,137.7883
0,NGN014,False,小海,長野県,36.0956,138.4839,200,249,,,36.0924,138.4875
0,NGN015,False,諏訪,長野県,36.0451,138.1114,193,250,,,36.0422,138.1147
0,NGN016,False,富士見,長野県,35.9133,138.2229,,,,,35.9101,138.226
0,NGN017,False,楢川,長野県,35.9749,137.8259,188,253,,,35.9716,137.8286
0,NGN018,False,王滝,長野県,35.8129,137.5298,181,256,,,35.81,137.5325
0,NGN019,False,木曽福島,長野県,35.8561,137.708,185,254,,,35.853,137.7108
0,NGN020,False,伊那,長野県,35.8278,137.9548,191,254,,,35.825,137.9563
0,NGN021,False,駒ヶ根,長野県,35.7293,137.9336,189,258,,,35.7272,137.9372
0,NGN022,False,南木曽,長野県,35.6053,137.6126,,,,,35.6047,137.6155
0,NGN023,False,大鹿,長野県,35.5775,138.0338,192,262,,,35.5755,138.0369
0,NGN024,False,飯田,長野県,35.5232,137.8382,,,,,35.52,137.8405
0,NGN025,False,天龍,長野県,35.2864,137.8571,188,269,,,35.2832,137.8601
0,NGS001,False,平戸,長崎県,33.3617,129.5377,19,316,,,33.3583,129.5405
0,NGS002,False,松浦,長崎県,33.3442,129.7056,22,317,,,33.3411,129.7077
0,NGS003,False,志々伎,長崎県,33.2016,129.4124,,,,,33.1983,129.415
0,NGS004,False,佐世保,長崎県,33.181,129.7173,21,321,,,33.1775,129.72
0,NGS005,False,東彼杵,長崎県,33.037,129.9173,26,324,,,33.0338,129.9194
0,NGS006,False,大瀬戸,長崎県,32.933,129.6436,21,327,,,32.9294,129.645
0,NGS007,False,琴海,長崎県,32.9062,129.7804,24,328,,,32.9027,129.7825
0,NGS008,False,小長井,長崎県,32.9233,130.1846,33,327,,,32.9197,130.1866
0,NGS009,False,諫早,長崎県,32.8457,130.0216,28,329,,,32.8422,130.0241
0,NGS010,False,長崎,長崎県,32.7351,129.8765,26,331,,,32.7319,129.8786
0,NGS011,False,千々石,長崎県,32.7843,130.2023,32,330,,,32.7805,130.2047
0,NGS012,False,島原,長崎県,32.7883,130.3463,35,330,,,32.785,130.3486
0,NGS013,False,野母崎,長崎県,32.581,129.7597,23,335,,,32.5777,129.7619
0,NGS014,False,口之津,長崎県,32.6104,130.1851,32,335,,,32.6072,130.1872
0,NGS015,False,宇久,長崎県,33.2557,129.1256,10,319,,,33.2525,129.1277
0,NGS016,False,若松,長崎県,32.8876,129.0213,8,328,,,32.8847,129.0233
0,NGS017,False,福江,長崎県,32.6693,128.8432,4,333,,,32.6625,128.8455
0,NGS018,False,玉之浦,長崎県,32.634,128.6205,0,334,,,32.6308,128.6216
0,NGS019,False,大村,長崎県,32.9003,129.9583,27,327,,,32.8969,129.9605
0,NGS020,False,上対馬,長崎県,34.6551,129.4591,17,284,,,34.6577,129.4617
0,NGS021,False,豊玉,長崎県,34.3971,129.3239,14,291,,,34.3941,129.3263
0,NGS022,False,国分,長崎県,34.2031,129.2874,13,295,,,34.1997,129.2891
0,NGS023,False,郷ノ浦,長崎県,33.75,129.691,22,307,,,33.7469,129.6922
0,NIG001,False,岩谷口,新潟県,38.257,138.4318,200,196,,,38.2555,138.4369
0,NIG002,False,両津,新潟県,38.0748,138.4407,200,200,,,38.0716,138.443
0,NIG003,False,佐和田,新潟県,37.9977,138.3231,197,202,,,37.9947,138.3258
0,NIG004,False,小木,新潟県,37.82,138.2788,197,207,,,37.8175,138.2827
0,NIG005,False,松ヶ崎,新潟県,37.9207,138.4971,201,204,,,37.9175,138.5013
0,NIG006,False,寒川,新潟県,38.4514,139.4963,221,191,,,38.4472,139.4994
0,NIG007,False,村上,新潟県,38.2306,139.4863,221,197,,,38.2272,139.4897
0,NIG008,False,中条,新潟県,38.0514,139.4086,219,201,,,38.05,139.4088
0,NIG009,False,新発田,新潟県,37.951,139.3377,219,203,,,37.9477,139.3408
0,NIG010,False,新潟,新潟県,37.9144,139.0107,211,204,,,37.9116,139.014
0,NIG011,False,新津,新潟県,37.8012,139.1457,213,207,,,37.7983,139.1475
0,NIG012,False,鹿瀬,新潟県,37.6863,139.4771,,,,,37.6833,139.4805
0,NIG013,False,巻,新潟県,37.7634,138.883,209,208,,,37.7608,138.8866
0,NIG014,False,三条,新潟県,37.6412,138.9553,210,211,,,37.638,138.9591
0,NIG015,False,村松,新潟県,37.6938,139.1884,214,210,,,37.6905,139.1919
0,NIG016,False,寺泊,新潟県,37.6458,138.773,206,211,,,37.6391,138.7708
0,NIG017,False,長岡,新潟県,37.441,138.8425,207,216,,,37.4386,138.8463
0,NIG018,False,柏崎,新潟県,37.3727,138.5583,202,218,,,37.3694,138.5611
0,NIG019,False,小千谷,新潟県,37.3043,138.8121,207,219,,,37.3013,138.8153
0,NIG020,False,小出,新潟県,37.2348,138.9621,209,221,,,37.2302,138.9652
0,NIG021,False,十日町,新潟県,37.2011,138.7783,208,222,,,37.1982,138.7814
0,NIG022,False,塩沢,新潟県,37.0366,138.8461,,,,,37.0333,138.8494
0,NIG023,False,津南,新潟県,37.0134,138.6546,204,226,,,37.0116,138.6561
0,NIG024,False,安塚,新潟県,37.1274,138.4442,200,223,,,37.1238,138.4472
0,NIG025,False,直江津,新潟県,37.161,138.2234,195,223,,,37.1577,138.2266
0,NIG026,False,新井,新潟県,37.0224,138.2506,196,225,,,37.0197,138.2538
0,NIG027,False,糸魚川,新潟県,37.0235,137.8613,188,226,,,37.0205,137.8655
0,NIG028,False,長岡支所,新潟県,37.4257,138.8856,,,,,37.4231,138.8894
0,OIT001,False,国見,大分県,33.6788,131.5949,60,308,,,33.675,131.596
0,OIT002,False,中津,大分県,33.5691,131.2675,54,311,,,33.5652,131.2702
0,OIT003,False,豊後高田,大分県,33.5575,131.446,57,311,,,33.5542,131.4485
0,OIT004,False,国東,大分県,33.5659,131.7316,63,311,,,33.5633,131.7402
0,OIT005,False,耶馬渓,大分県,33.4524,131.1142,51,314,,,33.4516,131.1166
0,OIT006,False,院内,大分県,33.4211,131.3173,55,315,,,33.4211,131.3172
0,OIT007,False,杵築,大分県,33.4169,131.6142,61,315,,,33.4136,131.6166
0,OIT008,False,天瀬,大分県,33.2548,131.0197,49,319,,,33.2522,131.0227
0,OIT009,False,湯布院,大分県,33.2568,131.3443,55,319,,,33.2536,131.3463
0,OIT010,False,大分,大分県,33.2317,131.5934,60,319,,,33.2284,131.5958
0,OIT011,False,佐賀関,大分県,33.2468,131.8816,66,319,,,33.2427,131.8836
0,OIT012,False,直入,大分県,33.0666,131.3729,57,323,,,33.063,131.3758
0,OIT013,False,犬飼,大分県,33.0727,131.5934,60,323,,,33.0692,131.5958
0,OIT014,False,津久見,大分県,33.0656,131.8588,66,323,,,33.0622,131.8613
0,OIT015,False,竹田,大分県,32.9733,131.3998,58,326,,,32.9688,131.3994
0,OIT016,False,佐伯,大分県,32.9748,131.903,68,325,,,32.9713,131.9052
0,OIT017,False,宇目,大分県,32.8579,131.6576,62,327,,,32.8544,131.6611
0,OIT018,False,蒲江,大分県,32.798,131.9255,67,330,,,32.7938,131.9275
0,OKN001,False,国頭,沖縄県,26.7402,128.1736,115,130,,,26.7363,128.1755
0,OKN002,False,名護,沖縄県,26.5916,127.9767,111,135,,,26.5877,127.9786
0,OKN003,False,具志川,沖縄県,26.38,127.8572,109,139,,,26.3761,127.8591
0,OKN004,False,那覇,沖縄県,26.2497,127.6786,105,142,,,26.2458,127.6805
0,OKN005,False,知念,沖縄県,26.1686,127.8267,108,144,,,26.1647,127.8286
0,OKN006,False,久米島,沖縄県,26.3497,126.7479,86,140,,,26.3458,126.7497
0,OKN007,False,狩俣,沖縄県,24.853,125.2964,56,176,,,24.8494,125.2975
0,OKN008,False,城辺,沖縄県,24.7558,125.3864,58,180,,,24.7522,125.3875
0,OKN009,False,新栄,沖縄県,24.3413,124.1526,33,189,,,24.3358,124.1522
0,OKN010,False,伊原間,沖縄県,24.5088,124.282,36,186,,,24.5033,124.2816
0,OKN011,False,上原,沖縄県,24.4324,123.7798,26,187,,,24.4283,123.7813
0,OKY001,False,湯原,岡山県,35.1702,133.7311,105,272,,,35.167,133.7338
0,OKY002,False,加茂,岡山県,35.1785,134.0505,110,272,,,35.1755,134.0527
0,OKY003,False,西粟倉,岡山県,35.1732,134.3346,116,271,,,35.1705,134.3413
0,OKY004,False,新見,岡山県,34.9586,133.5018,100,276,,,34.9547,133.5044
0,OKY005,False,落合,岡山県,35.0096,133.7318,105,275,,,35.0066,133.7344
0,OKY006,False,津山,岡山県,35.0685,134.0054,109,275,,,35.0652,134.0077
0,OKY007,False,高梁,岡山県,34.7805,133.6104,101,281,,,34.7775,133.6147
0,OKY008,False,建部,岡山県,34.8688,133.9039,108,279,,,34.8669,133.9063
0,OKY009,False,吉井,岡山県,34.9185,134.0931,111,278,,,34.9144,134.095
0,OKY010,False,備前,岡山県,34.7228,134.1229,112,284,,,34.7196,134.1256
0,OKY011,False,岡山,岡山県,34.6554,133.9075,108,284,,,34.6508,133.9094
0,OKY012,False,倉敷,岡山県,34.5897,133.754,105,286,,,34.5861,133.7572
0,OKY013,False,笠岡,岡山県,34.5094,133.509,100,289,,,34.5063,133.5125
0,OKY014,False,下津井,岡山県,34.4483,133.787,105,289,,,34.443,133.7902
0,OKY015,False,上斎原,岡山県,35.2793,133.926,,,,,35.2761,133.9283
0,OSK001,False,能勢,大阪府,34.9688,135.396,138,276,,,34.9656,135.3988
0,OSK002,False,高槻,大阪府,34.8572,135.5958,141,279,,,34.8541,135.5986
0,OSK003,False,豊中,大阪府,34.7668,135.4684,139,281,,,34.7636,135.4711
0,OSK004,False,四條畷,大阪府,34.7407,135.6396,142,282,,,34.7372,135.6422
0,OSK005,False,大阪,大阪府,34.7256,135.5101,,,,,34.7222,135.5127
0,OSK006,False,堺,大阪府,34.5894,135.471,139,286,,,34.5861,135.4738
0,OSK007,False,羽曳野,大阪府,34.5575,135.606,141,286,,,34.5544,135.6086
0,OSK008,False,岸和田,大阪府,34.4404,135.3918,137,289,,,34.4369,135.3945
0,OSK009,False,河内長野,大阪府,34.4364,135.5805,141,289,,,34.4333,135.5844
0,OSK010,False,泉南,大阪府,34.3744,135.2553,,,,,34.3722,135.2577
0,SAG001,False,鎮西,佐賀県,33.5274,129.8772,,,,,33.5241,129.8794
0,SAG002,False,唐津,佐賀県,33.4228,129.9192,26,314,,,33.4214,129.9218
0,SAG003,False,富士,佐賀県,33.3732,130.2081,31,316,,,33.3697,130.2097
0,SAG004,False,伊万里,佐賀県,33.2649,129.8813,,,,,33.2613,129.8836
0,SAG005,False,厳木,佐賀県,33.3213,130.0645,29,317,,,33.318,130.0666
0,SAG006,False,武雄,佐賀県,33.1917,130.0317,28,320,,,33.1883,130.0363
0,SAG007,False,佐賀,佐賀県,33.2626,130.3005,34,319,,,33.2594,130.3027
0,SAG008,False,鹿島,佐賀県,33.1041,130.0998,30,322,,,33.1005,130.1019
0,SIG001,False,余呉,滋賀県,35.5399,136.2066,154,263,,,35.5366,136.2094
0,SIG002,False,今津,滋賀県,35.4214,136.0243,151,266,,,35.4183,136.0272
0,SIG003,False,長浜,滋賀県,35.3773,136.2642,155,267,,,35.3738,136.2669
0,SIG004,False,朽木,滋賀県,35.3474,135.9187,148,267,,,35.3444,135.9213
0,SIG005,False,彦根,滋賀県,35.2499,136.2414,155,270,,,35.2461,136.245
0,SIG006,False,志賀,滋賀県,35.2002,135.921,149,271,,,35.1969,135.9238
0,SIG007,False,近江八幡,滋賀県,35.1339,136.0957,152,273,,,35.1307,136.0986
0,SIG008,False,永源寺,滋賀県,35.0704,136.2946,156,274,,,35.0669,136.2975
0,SIG009,False,甲西,滋賀県,35.0052,136.0841,152,276,,,35.0019,136.0883
0,SIG010,False,大津,滋賀県,34.9719,135.8965,148,277,,,34.9686,135.8994
0,SIG011,False,信楽,滋賀県,34.8781,136.0591,,,,,34.8747,136.0616
0,SIG012,False,甲賀,滋賀県,34.9018,136.2324,155,279,,,34.9011,136.2336
0,SIT001,False,本庄,埼玉県,36.2431,139.1938,215,246,,,36.2397,139.1969
0,SIT002,False,熊谷,埼玉県,36.1478,139.3888,220,248,,,36.1444,139.3916
0,SIT003,False,久喜,埼玉県,36.0721,139.6969,225,250,,,36.0688,139.7
0,SIT004,False,長瀞,埼玉県,36.1178,139.1044,214,248,,,36.1147,139.1077
0,SIT005,False,小川,埼玉県,36.0563,139.2626,217,250,,,36.053,139.2658
0,SIT006,False,秩父,埼玉県,35.9959,139.0713,212,252,,,35.9922,139.0741
0,SIT007,False,東松山,埼玉県,36.0542,139.3933,220,250,,,36.0508,139.3944
0,SIT008,False,春日部,埼玉県,35.9829,139.7456,226,252,,,35.9797,139.7488
0,SIT009,False,川越,埼玉県,35.9033,139.4826,221,254,,,35.9002,139.4858
0,SIT010,False,大宮,埼玉県,35.9071,139.6478,224,254,,,35.9033,139.6513
0,SIT011,False,川口,埼玉県,35.8098,139.7214,,,,,35.8066,139.7244
0,SIT012,False,飯能,埼玉県,35.8403,139.3216,219,256,,,35.8369,139.3247
0,SIT013,False,所沢,埼玉県,35.7966,139.4659,220,256,,,35.7933,139.4691
0,SIT014,False,中津川,埼玉県,35.9954,138.801,207,251,,,35.9922,138.8041
0,SMN001,False,美保関,島根県,35.5371,133.1614,92,263,,,35.5341,133.1638
0,SMN002,False,松江,島根県,35.4713,133.0681,90,265,,,35.4683,133.0708
0,SMN003,False,横田,島根県,35.1798,133.0934,91,272,,,35.1763,133.0955
0,SMN004,False,木次,島根県,35.2875,132.9022,87,269,,,35.285,132.903
0,SMN005,False,出雲,島根県,35.3608,132.7449,84,267,,,35.358,132.7475
0,SMN006,False,大田,島根県,35.1908,132.4981,79,271,,,35.1911,132.5003
0,SMN007,False,邑智,島根県,35.0773,132.5919,82,274,,,35.0775,132.5939
0,SMN008,False,瑞穂,島根県,34.8521,132.5308,80,280,,,34.8491,132.5333
0,SMN009,False,江津,島根県,35.0117,132.2219,73,276,,,35.008,132.2252
0,SMN010,False,浜田,島根県,34.8876,132.0757,70,279,,,34.8838,132.0808
0,SMN011,False,匹見,島根県,34.5722,132.0136,,,,,34.5686,132.0166
0,SMN012,False,六日市,島根県,34.3551,131.9354,68,292,,,34.3497,131.9377
0,SMN013,False,益田,島根県,34.6696,131.8461,66,284,,,34.6658,131.8483
0,SMN014,False,津和野,島根県,34.4668,131.7747,64,289,,,34.4636,131.7777
0,SMN015,False,広瀬,島根県,35.3653,133.1706,93,267,,,35.3613,133.173
0,SMN016,False,掛合,島根県,35.1959,132.8144,84,272,,,35.1925,132.8172
0,SMN017,False,西ノ島,島根県,36.093,132.9838,89,249,,,36.0902,132.9866
0,SMN018,False,都万,島根県,36.1969,133.2348,94,247,,,36.1894,133.2358
0,SMN019,False,布施,島根県,36.2938,133.3526,96,244,,,36.2902,133.3588
0,SMN020,False,下宇部尾,島根県,35.5347,133.1651,,,,,35.5316,133.1678
0,SZO001,False,熱海,静岡県,35.1425,139.0798,213,272,,,35.1391,139.0827
0,SZO002,False,伊東,静岡県,34.9653,139.103,213,275,,,34.9619,139.1063
0,SZO003,False,東伊豆,静岡県,34.8158,139.0544,212,280,,,34.8125,139.0577
0,SZO004,False,南伊豆,静岡県,34.6471,138.8193,207,286,,,34.6436,138.8225
0,SZO005,False,松崎,静岡県,34.755,138.7841,206,283,,,34.7516,138.7872
0,SZO006,False,土肥,静岡県,34.9111,138.7948,207,278,,,34.908,138.7972
0,SZO007,False,修善寺,静岡県,34.9771,138.9468,211,276,,,34.9738,138.9497
0,SZO008,False,沼津,静岡県,35.1105,138.8436,208,273,,,35.0927,138.8688
0,SZO009,False,裾野,静岡県,35.1972,138.9129,209,271,,,35.1938,138.9158
0,SZO010,False,御殿場,静岡県,35.3134,138.9063,209,268,,,35.3101,138.9094
0,SZO011,False,富士宮,静岡県,35.2129,138.6015,204,271,,,35.2095,138.6047
0,SZO012,False,蒲原,静岡県,35.1257,138.6222,203,273,,,35.1238,138.6244
0,SZO013,False,清水,静岡県,35.0409,138.4765,201,274,,,35.0377,138.4791
0,SZO014,False,静岡,静岡県,34.9649,138.3741,198,277,,,34.9616,138.3766
0,SZO015,False,梅ヶ島,静岡県,35.2433,138.341,198,270,,,35.2402,138.3438
0,SZO016,False,焼津,静岡県,34.8564,138.312,197,279,,,34.8533,138.3144
0,SZO017,False,浜岡,静岡県,34.6375,138.1286,193,285,,,34.6341,138.1311
0,SZO018,False,榛原,静岡県,34.7389,138.2247,195,282,,,34.7369,138.2272
0,SZO019,False,掛川,静岡県,34.7705,137.9989,191,282,,,34.7666,138.0011
0,SZO020,False,川根,静岡県,35.0084,138.1474,194,275,,,35.0052,138.1505
0,SZO021,False,本川根,静岡県,35.0978,138.1332,194,272,,,35.0936,138.1363
0,SZO022,False,佐久間,静岡県,35.0918,137.8127,187,274,,,35.0883,137.8166
0,SZO023,False,天竜,静岡県,34.8736,137.8167,187,279,,,34.8705,137.8194
0,SZO024,False,浜松,静岡県,34.7104,137.7199,185,282,,,34.7069,137.7227
0,SZO025,False,湖西,静岡県,34.7189,137.5318,182,283,,,34.7161,137.5344
0,SZO026,False,春野,静岡県,34.9812,137.8964,189,276,,,34.9783,137.9005
0,SZO027,False,西伊豆,静岡県,34.7809,138.7934,208,280,,,34.787,138.8039
0,SZO028,False,川奈,静岡県,34.9522,139.1379,215,277,,,34.9491,139.141
0,TCG001,False,黒磯,栃木県,36.9432,140.0825,233,228,,,36.9386,140.0861
0,TCG002,False,塩原,栃木県,36.9903,139.8029,228,227,,,36.9869,139.8066
0,TCG003,False,藤原,栃木県,36.8153,139.7184,226,231,,,36.8113,139.7186
0,TCG004,False,湯元,栃木県,36.8065,139.4221,220,232,,,36.803,139.4236
0,TCG005,False,矢板,栃木県,36.8061,139.9264,230,232,,,36.803,139.9297
0,TCG006,False,小川,栃木県,36.7638,140.1295,233,233,,,36.7608,140.133
0,TCG007,False,宇都宮,栃木県,36.5677,139.8873,229,236,,,36.5661,139.8894
0,TCG008,False,鹿沼,栃木県,36.56,139.7676,227,238,,,36.5569,139.7708
0,TCG009,False,今市,栃木県,36.7261,139.7159,225,234,,,36.7227,139.7188
0,TCG010,False,足尾,栃木県,36.6348,139.4379,220,236,,,36.6316,139.4408
0,TCG011,False,葛生,栃木県,36.3869,139.6144,224,242,,,36.3836,139.6177
0,TCG012,False,小山,栃木県,36.2863,139.8048,228,244,,,36.2827,139.808
0,TCG013,False,真岡,栃木県,36.4368,140.0227,232,241,,,36.4336,140.0258
0,TCG014,False,茂木,栃木県,36.5428,140.1804,236,238,,,36.5419,140.1775
0,TCG015,False,芹沼,栃木県,36.7488,139.7144,224,233,,,36.7458,139.7177
0,TCG016,False,北高岡,栃木県,36.5288,140.1558,,,,,36.5256,140.159
0,TKS001,False,鳴門,徳島県,34.2034,134.6096,122,295,,,34.1997,134.6125
0,TKS002,False,徳島,徳島県,34.0439,134.582,121,299,,,34.0405,134.5847
0,TKS003,False,阿南,徳島県,33.8716,134.604,122,304,,,33.8683,134.6066
0,TKS004,False,由岐,徳島県,33.775,134.5907,122,306,,,33.7716,134.5941
0,TKS005,False,上勝,徳島県,33.8788,134.389,117,303,,,33.8755,134.3916
0,TKS006,False,牟岐,徳島県,33.6689,134.4191,119,309,,,33.6658,134.4219
0,TKS007,False,市場,徳島県,34.0903,134.2854,115,298,,,34.0872,134.2877
0,TKS008,False,木屋平,徳島県,33.9341,134.2113,114,302,,,33.9311,134.2147
0,TKS009,False,木頭,徳島県,33.7722,134.1993,113,306,,,33.7686,134.2022
0,TKS010,False,貞光,徳島県,34.0382,134.0614,111,298,,,34.0347,134.0641
0,TKS011,False,東祖谷山,徳島県,33.8744,133.9219,,,,,33.8713,133.9244
0,TKS012,False,池田,徳島県,34.0317,133.8064,105,300,,,34.0286,133.8116
0,TKY001,False,氷川,東京都,35.8031,139.0953,213,256,,,35.7997,139.0988
0,TKY002,False,桧原,東京都,35.7306,139.1454,214,258,,,35.7272,139.1486
0,TKY003,False,青梅,東京都,35.7968,139.2916,217,257,,,35.7936,139.2944
0,TKY004,False,八王子,東京都,35.6301,139.4034,219,260,,,35.625,139.4066
0,TKY005,False,町田,東京都,35.5798,139.4137,220,262,,,35.5766,139.4169
0,TKY006,False,小金井,東京都,35.6989,139.5028,221,258,,,35.6958,139.5061
0,TKY007,False,新宿,東京都,35.7111,139.6864,224,258,,,35.7075,139.6891
0,TKY008,False,岡田,東京都,34.7851,139.3909,219,281,,,34.7819,139.3941
0,TKY009,False,波浮港,東京都,34.6867,139.441,220,284,,,34.6841,139.4444
0,TKY010,False,新島,東京都,34.3779,139.2573,216,291,,,34.3745,139.2605
0,TKY011,True,神着,東京都,34.1228,139.5315,,,,,34.1194,139.5347
0,TKY012,False,八丈,東京都,33.1195,139.7986,227,322,,,33.1158,139.8019
0,TKY013,False,砂町,東京都,35.6627,139.8341,,,,,35.6564,139.8375
0,TKY014,False,亀戸,東京都,35.7002,139.8351,227,259,,,35.6858,139.8386
0,TKY015,False,東白鬚,東京都,35.7313,139.8119,,,,,35.7281,139.8153
0,TKY016,False,東雲,東京都,35.6486,139.799,,,,,35.6453,139.8022
0,TKY017,False,辰巳,東京都,35.6473,139.8092,,,,,35.6442,139.8125
0,TKY018,False,八枝,東京都,35.6553,139.8114,,,,,35.6519,139.8147
0,TKY019,True,豊洲,東京都,35.6538,139.7948,,,,,35.6506,139.798
0,TKY020,False,塩浜,東京都,35.6646,139.8086,,,,,35.6625,139.8119
0,TKY021,False,猿江,東京都,35.6875,139.819,,,,,35.6844,139.8225
0,TKY022,False,横網,東京都,35.7002,139.7963,,,,,35.6842,139.7994
0,TKY023,False,八広,東京都,35.7259,139.8254,227,258,,,35.7222,139.8281
0,TKY024,False,奥戸,東京都,35.7422,139.8612,226,256,,,35.7369,139.8656
0,TKY025,False,篠崎,東京都,35.7136,139.8972,228,257,,,35.7106,139.9003
0,TKY026,False,宇喜田,東京都,35.6707,139.8633,,,,,35.6672,139.8667
0,TKY027,False,瑞江,東京都,35.693,139.8913,,,,,35.6894,139.8944
0,TKY028,False,越中島,東京都,35.6698,139.7891,226,261,,,35.6653,139.7925
0,TKY029,False,三宅,東京都,34.0757,139.4789,221,298,,,34.0711,139.4825
0,TTR001,False,若桜,鳥取県,35.3398,134.4007,118,268,,,35.3383,134.4002
0,TTR002,False,鳥取,鳥取県,35.4859,134.2201,114,264,,,35.4822,134.2225
0,TTR003,False,用瀬,鳥取県,35.3432,134.2075,115,267,,,35.34,134.2102
0,TTR004,False,鹿野,鳥取県,35.4606,134.0548,111,265,,,35.4574,134.0575
0,TTR005,False,倉吉,鳥取県,35.4298,133.8258,106,265,,,35.4258,133.828
0,TTR006,False,赤碕,鳥取県,35.5144,133.6297,102,262,,,35.5075,133.633
0,TTR007,False,江府,鳥取県,35.2836,133.4866,99,269,,,35.2794,133.4902
0,TTR008,False,米子,鳥取県,35.4259,133.3301,96,265,,,35.4227,133.3327
0,TTR009,False,日南,鳥取県,35.1712,133.3118,95,272,,,35.1676,133.3139
0,TYM001,False,境,富山県,36.9764,137.6257,183,227,,,36.973,137.6288
0,TYM002,False,氷見,富山県,36.8659,136.975,171,229,,,36.863,136.9777
0,TYM003,False,魚津,富山県,36.8164,137.42,178,230,,,36.8133,137.4222
0,TYM004,False,宇奈月,富山県,36.8626,137.5274,181,230,,,36.8594,137.5305
0,TYM005,False,新湊,富山県,36.7611,137.0931,173,232,,,36.7581,137.0961
0,TYM006,False,小矢部,富山県,36.6731,136.8974,168,235,,,36.6686,136.9
0,TYM007,False,富山,富山県,36.6687,137.2123,174,235,,,36.6656,137.2153
0,TYM008,False,大山,富山県,36.6085,137.2826,176,237,,,36.6055,137.2861
0,TYM009,False,八尾,富山県,36.5853,137.1403,172,237,,,36.5833,137.1436
0,TYM010,False,福光,富山県,36.5556,136.8883,168,238,,,36.5569,136.8902
0,TYM011,False,芦弁,富山県,36.578,137.3851,178,237,,,36.575,137.388
0,TYM012,False,利賀,富山県,36.4402,137.0395,171,242,,,36.438,137.0383
0,WKY001,False,和歌山,和歌山県,34.2293,135.1694,133,295,,,34.2255,135.1722
0,WKY002,False,那賀,和歌山県,34.2755,135.4306,139,294,,,34.2722,135.4333
0,WKY003,False,有田,和歌山県,34.0996,135.1161,132,298,,,34.0963,135.1188
0,WKY004,False,清水,和歌山県,34.0841,135.431,139,298,,,34.0808,135.4337
0,WKY005,False,龍神,和歌山県,33.8943,135.4885,140,303,,,33.8905,135.4911
0,WKY006,False,御坊,和歌山県,33.9146,135.1639,133,303,,,33.8875,135.1552
0,WKY007,False,本宮,和歌山県,33.8374,135.7736,145,304,,,33.8341,135.7763
0,WKY008,False,田辺,和歌山県,33.7289,135.3771,137,307,,,33.7255,135.38
0,WKY009,False,新宮,和歌山県,33.7208,135.9814,150,308,,,33.7175,135.9841
0,WKY010,False,すさみ,和歌山県,33.5499,135.4973,138,311,,,33.5469,135.5
0,WKY011,False,太地,和歌山県,33.5948,135.9462,149,310,,,33.5913,135.9488
0,WKY012,False,串本,和歌山県,33.4719,135.7835,146,313,,,33.4686,135.7863
0,WKY013,False,高野,和歌山県,34.2159,135.5864,142,295,,,34.2127,135.5888
0,WKY014,False,木守,和歌山県,33.7056,135.6396,144,308,,,33.7019,135.6425
0,YMG001,False,須佐,山口県,34.6172,131.6022,60,285,,,34.6141,131.6044
0,YMG002,False,萩,山口県,34.4077,131.3986,56,289,,,34.4041,131.4011
0,YMG003,False,生雲中,山口県,34.383,131.5999,61,291,,,34.3797,131.6027
0,YMG004,False,長門,山口県,34.3634,131.1865,,,,,34.3602,131.1889
0,YMG005,False,豊北,山口県,34.2907,130.9487,47,293,,,34.2872,130.9508
0,YMG006,False,豊浦,山口県,34.1487,130.9299,,,,,34.1458,130.9322
0,YMG007,False,美祢,山口県,34.1659,131.2065,53,296,,,34.1625,131.2088
0,YMG008,False,山口,山口県,34.0119,131.4099,57,300,,,34.0088,131.4066
0,YMG009,False,鹿野,山口県,34.2315,131.8175,65,295,,,34.2286,131.8194
0,YMG010,False,美川,山口県,34.2303,131.9819,67,295,,,34.2272,131.9847
0,YMG011,False,下関,山口県,34.0643,131.0213,49,300,,,34.0611,131.0238
0,YMG012,False,宇部,山口県,33.9943,131.2179,52,301,,,33.9908,131.2205
0,YMG013,False,防府,山口県,34.0313,131.5342,60,301,,,34.0277,131.5372
0,YMG014,False,徳山,山口県,34.0542,131.8077,65,299,,,34.0511,131.8102
0,YMG015,False,玖珂,山口県,34.0966,132.0761,69,298,,,34.0933,132.0783
0,YMG016,False,岩国,山口県,34.1703,132.1764,73,296,,,34.1666,132.1791
0,YMG017,False,柳井,山口県,33.9649,132.1011,72,302,,,33.9616,132.1036
0,YMG018,False,東和,山口県,33.9091,132.3559,76,304,,,33.9058,132.3586
0,YMG019,False,上関,山口県,33.8454,132.1204,71,303,,,33.8422,132.1229
0,YMN001,False,丹波山,山梨県,35.7895,138.9198,210,257,,,35.7863,138.923
0,YMN002,False,大月,山梨県,35.6133,138.9473,209,261,,,35.61,138.9502
0,YMN003,False,富士吉田,山梨県,35.4651,138.8129,207,264,,,35.4616,138.8161
0,YMN004,False,塩山,山梨県,35.7025,138.7266,,,,,35.6988,138.7297
0,YMN005,False,甲府,山梨県,35.6551,138.5679,202,260,,,35.6516,138.5708
0,YMN006,False,本栖,山梨県,35.4685,138.6069,203,265,,,35.4652,138.61
0,YMN007,False,南部,山梨県,35.279,138.4651,200,269,,,35.2758,138.468
0,YMN008,False,早川,山梨県,35.4319,138.3321,,,,,35.4288,138.3352
0,YMN009,False,六郷,山梨県,35.4966,138.4628,200,265,,,35.4933,138.4658
0,YMN010,False,須玉,山梨県,35.7919,138.4182,199,256,,,35.7886,138.4127
0,YMN011,False,芦安,山梨県,35.6384,138.3836,199,259,,,35.635,138.3866
0,YMT001,False,酒田,山形県,38.9142,139.8123,228,180,,,38.9111,139.8161
0,YMT002,False,新庄,山形県,38.7686,140.2965,238,182,,,38.765,140.2991
0,YMT003,False,鶴岡,山形県,38.726,139.8023,228,184,,,38.7263,139.8047
0,YMT004,False,温海,山形県,38.6208,139.5889,223,187,,,38.6247,139.5922
0,YMT005,False,肘折,山形県,38.6079,140.1627,235,187,,,38.6041,140.1655
0,YMT006,False,尾花沢,山形県,38.6001,140.4057,240,188,,,38.5972,140.4088
0,YMT007,False,東根,山形県,38.4302,140.3902,239,191,,,38.4277,140.3941
0,YMT008,False,中村,山形県,38.3854,139.9924,,,,,38.3827,139.9955
0,YMT009,False,寒河江,山形県,38.3902,140.2742,237,193,,,38.3869,140.2777
0,YMT010,False,山形,山形県,38.2608,140.3484,239,196,,,38.2575,140.3522
0,YMT011,False,上山,山形県,38.1484,140.2671,236,198,,,38.1472,140.2708
0,YMT012,False,長井,山形県,38.1087,140.043,232,200,,,38.1044,140.0461
0,YMT013,False,小国,山形県,38.0631,139.7596,226,200,,,38.0591,139.7608
0,YMT014,False,下屋地,山形県,37.9193,139.8816,228,204,,,37.9177,139.873
0,YMT015,False,米沢,山形県,37.9049,140.099,234,205,,,37.9013,140.103
0,YMT016,False,清川,山形県,38.7906,140.0207,232,182,,,38.7866,140.0219
0,YMT017,False,新庄支所,山形県,38.7897,140.3121,,,,,38.788,140.3164
0,SITH12,False,都幾川2,埼玉県,35.9969,139.2194,,,,,,
0,TKY030,False,赤坂,東京都,35.6698,139.736,,,,,,
0,TKY031,False,千駄ヶ谷,東京都,35.6789,139.707,225,260,,,,
0,SZOH21,False,森,静岡県,34.8601,137.9426,,,,,,
0,SZOH22,False,黒俣,静岡県,35.0332,138.1979,,,,,,
0,TCGH19,False,大田原2,栃木県,36.906,140.1119,235,230,,,,
